# Add Random Users.

INSERT INTO User VALUES(14896042,'Karia14896042','Suellen','Karia','KariaSuellen@somewhere.com','0000');
INSERT INTO User VALUES(146975828,'Alene146975828','Cahan','Alene','AleneCahan@somewhere.com','0000');
INSERT INTO User VALUES(194761516,'Maridel194761516','Hackett','Maridel','MaridelHackett@somewhere.com','0000');
INSERT INTO User VALUES(305217437,'Merrill305217437','Lemuel','Merrill','MerrillLemuel@somewhere.com','0000');
INSERT INTO User VALUES(332383795,'Selia332383795','Nolie','Selia','SeliaNolie@somewhere.com','0000');
INSERT INTO User VALUES(496256844,'Dusty496256844','Calle','Dusty','DustyCalle@somewhere.com','0000');
INSERT INTO User VALUES(526048569,'Dallas526048569','Remington','Dallas','DallasRemington@somewhere.com','0000');
INSERT INTO User VALUES(541412362,'Matty541412362','Reagan','Matty','MattyReagan@somewhere.com','0000');
INSERT INTO User VALUES(557826491,'Jannelle557826491','Shabbir','Jannelle','JannelleShabbir@somewhere.com','0000');
INSERT INTO User VALUES(636309673,'Flory636309673','Kapoor','Flory','FloryKapoor@somewhere.com','0000');
INSERT INTO User VALUES(729974710,'Abbi729974710','Corrina','Abbi','AbbiCorrina@somewhere.com','0000');
INSERT INTO User VALUES(922169661,'Holly-Anne922169661','Tova','Holly-Anne','Holly-AnneTova@somewhere.com','0000');
INSERT INTO User VALUES(1015747121,'Meredith1015747121','Awad','Meredith','MeredithAwad@somewhere.com','0000');
INSERT INTO User VALUES(1115504290,'Florina1115504290','Rexford','Florina','FlorinaRexford@somewhere.com','0000');
INSERT INTO User VALUES(1199855336,'Dorene1199855336','Schellens','Dorene','DoreneSchellens@somewhere.com','0000');
INSERT INTO User VALUES(1208533390,'Elfrida1208533390','Harty','Elfrida','ElfridaHarty@somewhere.com','0000');
INSERT INTO User VALUES(1356003202,'Blythe1356003202','Mor','Blythe','BlytheMor@somewhere.com','0000');
INSERT INTO User VALUES(1480257453,'Blisse1480257453','Jenilee','Blisse','BlisseJenilee@somewhere.com','0000');
INSERT INTO User VALUES(1495793228,'Zondra1495793228','Cavil','Zondra','ZondraCavil@somewhere.com','0000');
INSERT INTO User VALUES(1503177090,'Daune1503177090','Montford','Daune','DauneMontford@somewhere.com','0000');
INSERT INTO User VALUES(1545906710,'Myrtice1545906710','Lenes','Myrtice','MyrticeLenes@somewhere.com','0000');
INSERT INTO User VALUES(1676098685,'Shanna1676098685','Soloma','Shanna','ShannaSoloma@somewhere.com','0000');
INSERT INTO User VALUES(1872377509,'Tammara1872377509','Annnora','Tammara','TammaraAnnnora@somewhere.com','0000');
INSERT INTO User VALUES(1904585482,'Dominica1904585482','Almeda','Dominica','DominicaAlmeda@somewhere.com','0000');
INSERT INTO User VALUES(1925282347,'Raynell1925282347','Prasad','Raynell','RaynellPrasad@somewhere.com','0000');
INSERT INTO User VALUES(1936064499,'Aggy1936064499','Matthaus','Aggy','AggyMatthaus@somewhere.com','0000');
INSERT INTO User VALUES(1992200165,'Joyce1992200165','Kinny','Joyce','JoyceKinny@somewhere.com','0000');
INSERT INTO User VALUES(2046360401,'Jaynell2046360401','Iseabal','Jaynell','JaynellIseabal@somewhere.com','0000');
INSERT INTO User VALUES(2070073657,'Sondra2070073657','Bel','Sondra','SondraBel@somewhere.com','0000');
INSERT INTO User VALUES(2138225608,'Amelie2138225608','Bluma','Amelie','AmelieBluma@somewhere.com','0000');
INSERT INTO User VALUES(2191570307,'Ami2191570307','Mathian','Ami','AmiMathian@somewhere.com','0000');
INSERT INTO User VALUES(2421398447,'Dari2421398447','Argent','Dari','DariArgent@somewhere.com','0000');
INSERT INTO User VALUES(2484660823,'Audi2484660823','Mallorie','Audi','AudiMallorie@somewhere.com','0000');
INSERT INTO User VALUES(2529218807,'Eadie2529218807','Honna','Eadie','EadieHonna@somewhere.com','0000');
INSERT INTO User VALUES(2541957397,'Lotta2541957397','Intyre','Lotta','LottaIntyre@somewhere.com','0000');
INSERT INTO User VALUES(2646366888,'Greer2646366888','Jarvey','Greer','GreerJarvey@somewhere.com','0000');
INSERT INTO User VALUES(2647489632,'Mona2647489632','Nye','Mona','MonaNye@somewhere.com','0000');
INSERT INTO User VALUES(2731168092,'Auria2731168092','Santa','Auria','AuriaSanta@somewhere.com','0000');
INSERT INTO User VALUES(2846166778,'Cam2846166778','Eugenides','Cam','CamEugenides@somewhere.com','0000');
INSERT INTO User VALUES(2871409450,'Karissa2871409450','Nissensohn','Karissa','KarissaNissensohn@somewhere.com','0000');
INSERT INTO User VALUES(2911903596,'Lorelle2911903596','McRipley','Lorelle','LorelleMcRipley@somewhere.com','0000');
INSERT INTO User VALUES(2942697196,'Amara2942697196','Peoples','Amara','AmaraPeoples@somewhere.com','0000');
INSERT INTO User VALUES(3083697524,'Tally3083697524','Minni','Tally','TallyMinni@somewhere.com','0000');
INSERT INTO User VALUES(3513853484,'Margi3513853484','Gianna','Margi','MargiGianna@somewhere.com','0000');
INSERT INTO User VALUES(3554239342,'Lizabeth3554239342','Ogg','Lizabeth','LizabethOgg@somewhere.com','0000');
INSERT INTO User VALUES(3722024246,'Meggi3722024246','Laufer','Meggi','MeggiLaufer@somewhere.com','0000');
INSERT INTO User VALUES(3914337467,'Margi3914337467','Millman','Margi','MargiMillman@somewhere.com','0000');
INSERT INTO User VALUES(3925432538,'Glynis3925432538','Garling','Glynis','GlynisGarling@somewhere.com','0000');
INSERT INTO User VALUES(4172279659,'Muire4172279659','Corliss','Muire','MuireCorliss@somewhere.com','0000');
INSERT INTO User VALUES(4228710617,'Corenda4228710617','Tillie','Corenda','CorendaTillie@somewhere.com','0000');

# Insert Random Tags.

INSERT INTO Tag VALUES('amx');
INSERT INTO Tag VALUES('amy');
INSERT INTO Tag VALUES('amz');
INSERT INTO Tag VALUES('anx');
INSERT INTO Tag VALUES('any');
INSERT INTO Tag VALUES('anz');
INSERT INTO Tag VALUES('aqx');
INSERT INTO Tag VALUES('aqy');
INSERT INTO Tag VALUES('aqz');
INSERT INTO Tag VALUES('bmx');
INSERT INTO Tag VALUES('bmy');
INSERT INTO Tag VALUES('bmz');
INSERT INTO Tag VALUES('bnx');
INSERT INTO Tag VALUES('bny');
INSERT INTO Tag VALUES('bnz');
INSERT INTO Tag VALUES('bqx');
INSERT INTO Tag VALUES('bqy');
INSERT INTO Tag VALUES('bqz');
INSERT INTO Tag VALUES('cmx');
INSERT INTO Tag VALUES('cmy');
INSERT INTO Tag VALUES('cmz');
INSERT INTO Tag VALUES('cnx');
INSERT INTO Tag VALUES('cny');
INSERT INTO Tag VALUES('cnz');
INSERT INTO Tag VALUES('cqx');
INSERT INTO Tag VALUES('cqy');
INSERT INTO Tag VALUES('cqz');

# Insert Random Locations.

INSERT INTO Location VALUES(76164316,'42 Letty St, Cardiff CF24 4EL, UK');
INSERT INTO Location VALUES(87304601,'21 Coppice Cl, Droitwich WR9 9JD, UK');
INSERT INTO Location VALUES(110732023,'Riverside Rd, Barnstaple EX31 1LE, UK');
INSERT INTO Location VALUES(485301025,'3 Dere Pl, Bletchley, Milton Keynes MK2 3NZ, UK');
INSERT INTO Location VALUES(540821432,'4 Lapworth Cl, Greasby, Wirral CH46 6JP, UK');
INSERT INTO Location VALUES(625387763,'10 Johnson Cl, Wednesbury WS10 7NS, UK');
INSERT INTO Location VALUES(700403025,'56 Moness Dr, Glasgow G52 1ER, UK');
INSERT INTO Location VALUES(836590767,'1-4 2, Torrin, Isle of Skye IV49 9BA, UK');
INSERT INTO Location VALUES(975489166,'9 George Terrace, Balfron, Glasgow G63 0PJ, UK');
INSERT INTO Location VALUES(1030563812,'47 Edgworth Grove, Burnley BB10 4PY, UK');
INSERT INTO Location VALUES(1129841385,'Exmouth Rd, Exeter EX3 0RB, UK');
INSERT INTO Location VALUES(1159200318,'68 Cow Wynd, Falkirk FK1 5EA, UK');
INSERT INTO Location VALUES(1233970663,'Unnamed Road, Okehampton EX20 2QE, UK');
INSERT INTO Location VALUES(1385782839,'28 River Bank, London N21 2AB, UK');
INSERT INTO Location VALUES(1391877668,'22 The Grove, Dannette Hey, Liverpool L28 6YQ, UK');
INSERT INTO Location VALUES(1427340209,'53A Clifton Rd, Sutton Coldfield B73 6EN, UK');
INSERT INTO Location VALUES(1458940313,'10 Johnson Cl, Wednesbury WS10 7NS, UK');
INSERT INTO Location VALUES(1741437345,'7 Gorsey Way, Walsall WS9 0EQ, UK');
INSERT INTO Location VALUES(1870376414,'68 Cow Wynd, Falkirk FK1 5EA, UK');
INSERT INTO Location VALUES(1920899904,'10 Buckingham Ave, London N20 9BX, UK');
INSERT INTO Location VALUES(2016745185,'3 Dere Pl, Bletchley, Milton Keynes MK2 3NZ, UK');
INSERT INTO Location VALUES(2079023263,'10 South Terrace, Staindrop, Darlington DL2 3LB, UK');
INSERT INTO Location VALUES(2141341827,'3 South View, Bowes, Barnard Castle DL12 9LQ, UK');
INSERT INTO Location VALUES(2177341800,'30A Park View Gardens, Woodford Ave, Ilford IG4 5NR, UK');
INSERT INTO Location VALUES(2246885836,'1 St Andrews Gardens, Dalry KA24 4JY, UK');
INSERT INTO Location VALUES(2392524709,'462 Midsummer Blvd, Milton Keynes MK9 2EA, UK');
INSERT INTO Location VALUES(2442068364,'5 Turl St, Oxford OX1 3DQ, UK');
INSERT INTO Location VALUES(2471651135,'42 Letty St, Cardiff CF24 4EL, UK');
INSERT INTO Location VALUES(2540367970,'10 Buckingham Ave, London N20 9BX, UK');
INSERT INTO Location VALUES(2580626543,'35 Thamley, Purfleet RM19 1GB, UK');
INSERT INTO Location VALUES(2654019951,'56 Moness Dr, Glasgow G52 1ER, UK');
INSERT INTO Location VALUES(2699785642,'10 Buckingham Ave, London N20 9BX, UK');
INSERT INTO Location VALUES(2710171201,'103 Spicer Cl, Brixton, London SW9 7UE, UK');
INSERT INTO Location VALUES(2750778268,'462 Midsummer Blvd, Milton Keynes MK9 2EA, UK');
INSERT INTO Location VALUES(2890781889,'56 Moness Dr, Glasgow G52 1ER, UK');
INSERT INTO Location VALUES(3088943161,'8 Church Cottages, Beadnell, Chathill NE67 5AS, UK');
INSERT INTO Location VALUES(3321528868,'185 Christchurch Rd, Ringwood BH24 3AN, UK');
INSERT INTO Location VALUES(3547067911,'Trevilley Ln, Delabole PL33, UK');
INSERT INTO Location VALUES(3848096139,'79 Glaslyn Bridge, Porthmadog LL49 9AE, UK');
INSERT INTO Location VALUES(4201192561,'A167(M), Newcastle upon Tyne NE1, UK');

# Insert Random Events.

INSERT INTO Event VALUES(247333443,'2001-05-18T00:00:00.000','2001-05-18T00:00:00.000');
INSERT INTO Event VALUES(399670554,'2016-06-15T00:00:00.000','2016-06-15T00:00:00.000');
INSERT INTO Event VALUES(1454199885,'2009-08-02T23:00:00.000','2009-08-02T23:00:00.000');
INSERT INTO Event VALUES(1565276672,'2000-02-02T00:00:00.000','2000-02-02T00:00:00.000');
INSERT INTO Event VALUES(1956437868,'2009-09-17T00:00:00.000','2009-09-17T00:00:00.000');
INSERT INTO Event VALUES(1990388202,'2004-09-25T00:00:00.000','2004-09-25T00:00:00.000');
INSERT INTO Event VALUES(2633787017,'2017-01-06T00:00:00.000','2017-01-06T00:00:00.000');
INSERT INTO Event VALUES(2637714230,'2010-05-02T23:00:00.000','2010-05-02T23:00:00.000');
INSERT INTO Event VALUES(3361521992,'2004-08-12T00:00:00.000','2004-08-12T00:00:00.000');
INSERT INTO Event VALUES(3674372369,'2002-05-05T00:00:00.000','2002-05-05T00:00:00.000');

# Insert Random Pictures.

INSERT INTO Picture VALUES(8479186,'images/8479186',526048569,NULL,'description goes here',93265,'2005-03-07T00:00:00.000',NULL,NULL,8.8,NULL);
INSERT INTO Picture VALUES(128279555,'images/128279555',526048569,NULL,'description goes here',90908,'2013-01-06T00:00:00.000',NULL,NULL,5.1,NULL);
INSERT INTO Picture VALUES(152205838,'images/152205838',526048569,NULL,'description goes here',98295,'2009-02-20T00:00:00.000',NULL,NULL,5.5,NULL);
INSERT INTO Picture VALUES(164000832,'images/164000832',526048569,NULL,'description goes here',93312,'2001-06-05T00:00:00.000',NULL,NULL,1.4,NULL);
INSERT INTO Picture VALUES(200364380,'images/200364380',526048569,NULL,'description goes here',69782,'2004-07-02T00:00:00.000',NULL,NULL,8.2,NULL);
INSERT INTO Picture VALUES(220794743,'images/220794743',526048569,NULL,'description goes here',40954,'2005-11-11T00:00:00.000',NULL,NULL,0.9,NULL);
INSERT INTO Picture VALUES(265747276,'images/265747276',526048569,NULL,'description goes here',65537,'2009-08-25T00:00:00.000',NULL,NULL,1.2,NULL);
INSERT INTO Picture VALUES(348031180,'images/348031180',526048569,NULL,'description goes here',59139,'2016-08-03T23:00:00.000',NULL,NULL,2.2,NULL);
INSERT INTO Picture VALUES(373303537,'images/373303537',526048569,NULL,'description goes here',36287,'2000-11-11T00:00:00.000',NULL,NULL,2.8,NULL);
INSERT INTO Picture VALUES(407949662,'images/407949662',526048569,NULL,'description goes here',82489,'2008-04-13T00:00:00.000',NULL,NULL,6.3,NULL);
INSERT INTO Picture VALUES(496029085,'images/496029085',526048569,NULL,'description goes here',87426,'2017-09-01T23:00:00.000',NULL,NULL,7.0,NULL);
INSERT INTO Picture VALUES(498084974,'images/498084974',526048569,NULL,'description goes here',62513,'2001-08-09T00:00:00.000',NULL,NULL,7.8,NULL);
INSERT INTO Picture VALUES(510638594,'images/510638594',526048569,NULL,'description goes here',52552,'2001-06-08T00:00:00.000',NULL,NULL,2.4,NULL);
INSERT INTO Picture VALUES(579385908,'images/579385908',526048569,NULL,'description goes here',62217,'2016-08-14T23:00:00.000',NULL,NULL,3.1,NULL);
INSERT INTO Picture VALUES(611958002,'images/611958002',526048569,NULL,'description goes here',37417,'2010-01-24T00:00:00.000',NULL,NULL,7.2,NULL);
INSERT INTO Picture VALUES(642306705,'images/642306705',526048569,NULL,'description goes here',81076,'2011-01-04T00:00:00.000',NULL,NULL,6.9,NULL);
INSERT INTO Picture VALUES(666407999,'images/666407999',526048569,NULL,'description goes here',11605,'2010-03-14T00:00:00.000',NULL,NULL,7.8,NULL);
INSERT INTO Picture VALUES(701883307,'images/701883307',526048569,NULL,'description goes here',89933,'2002-11-02T00:00:00.000',NULL,NULL,3.3,NULL);
INSERT INTO Picture VALUES(755906459,'images/755906459',526048569,NULL,'description goes here',99500,'2013-09-03T23:00:00.000',NULL,NULL,6.3,NULL);
INSERT INTO Picture VALUES(833504595,'images/833504595',526048569,NULL,'description goes here',81369,'2001-03-05T00:00:00.000',NULL,NULL,8.0,NULL);
INSERT INTO Picture VALUES(837331276,'images/837331276',526048569,NULL,'description goes here',2770,'2008-03-18T00:00:00.000',NULL,NULL,7.2,NULL);
INSERT INTO Picture VALUES(898700380,'images/898700380',526048569,NULL,'description goes here',84118,'2010-09-19T00:00:00.000',NULL,NULL,0.3,NULL);
INSERT INTO Picture VALUES(940091472,'images/940091472',526048569,NULL,'description goes here',60140,'2011-01-12T00:00:00.000',NULL,NULL,6.1,NULL);
INSERT INTO Picture VALUES(965446537,'images/965446537',526048569,NULL,'description goes here',38065,'2004-02-04T00:00:00.000',NULL,NULL,5.7,NULL);
INSERT INTO Picture VALUES(991293923,'images/991293923',526048569,NULL,'description goes here',17725,'2011-06-20T23:00:00.000',NULL,NULL,7.9,NULL);
INSERT INTO Picture VALUES(1001866553,'images/1001866553',526048569,NULL,'description goes here',91759,'2010-09-19T00:00:00.000',NULL,NULL,9.0,NULL);
INSERT INTO Picture VALUES(1037681066,'images/1037681066',526048569,NULL,'description goes here',49981,'2009-11-05T00:00:00.000',NULL,NULL,1.0,NULL);
INSERT INTO Picture VALUES(1065000115,'images/1065000115',526048569,NULL,'description goes here',70873,'2015-05-14T23:00:00.000',NULL,NULL,9.9,NULL);
INSERT INTO Picture VALUES(1095498383,'images/1095498383',526048569,NULL,'description goes here',49600,'2002-07-13T00:00:00.000',NULL,NULL,2.6,NULL);
INSERT INTO Picture VALUES(1133854675,'images/1133854675',526048569,NULL,'description goes here',68548,'2013-02-01T00:00:00.000',NULL,NULL,3.5,NULL);
INSERT INTO Picture VALUES(1208972366,'images/1208972366',526048569,NULL,'description goes here',46498,'2003-11-21T00:00:00.000',NULL,NULL,1.1,NULL);
INSERT INTO Picture VALUES(1369907957,'images/1369907957',526048569,NULL,'description goes here',52902,'2004-11-14T00:00:00.000',NULL,NULL,5.2,NULL);
INSERT INTO Picture VALUES(1379794363,'images/1379794363',526048569,NULL,'description goes here',34624,'2006-12-11T00:00:00.000',NULL,NULL,8.4,NULL);
INSERT INTO Picture VALUES(1497555616,'images/1497555616',526048569,NULL,'description goes here',2394,'2011-11-07T00:00:00.000',NULL,NULL,5.8,NULL);
INSERT INTO Picture VALUES(1584080515,'images/1584080515',526048569,NULL,'description goes here',83640,'2005-04-03T00:00:00.000',NULL,NULL,1.2,NULL);
INSERT INTO Picture VALUES(1655460470,'images/1655460470',526048569,NULL,'description goes here',57307,'2002-09-01T00:00:00.000',NULL,NULL,7.2,NULL);
INSERT INTO Picture VALUES(1670526502,'images/1670526502',526048569,NULL,'description goes here',62198,'2009-11-17T00:00:00.000',NULL,NULL,9.1,NULL);
INSERT INTO Picture VALUES(1673022683,'images/1673022683',526048569,NULL,'description goes here',21604,'2003-11-07T00:00:00.000',NULL,NULL,4.0,NULL);
INSERT INTO Picture VALUES(1679849662,'images/1679849662',526048569,NULL,'description goes here',51926,'2009-01-02T00:00:00.000',NULL,NULL,9.2,NULL);
INSERT INTO Picture VALUES(1681520096,'images/1681520096',526048569,NULL,'description goes here',71317,'2012-10-22T00:00:00.000',NULL,NULL,0.7,NULL);
INSERT INTO Picture VALUES(1724049224,'images/1724049224',526048569,NULL,'description goes here',15855,'2011-03-14T00:00:00.000',NULL,NULL,5.4,NULL);
INSERT INTO Picture VALUES(1733285415,'images/1733285415',526048569,NULL,'description goes here',47216,'2016-05-24T23:00:00.000',NULL,NULL,1.5,NULL);
INSERT INTO Picture VALUES(1760285770,'images/1760285770',526048569,NULL,'description goes here',73507,'2017-01-08T00:00:00.000',NULL,NULL,1.4,NULL);
INSERT INTO Picture VALUES(1783325062,'images/1783325062',526048569,NULL,'description goes here',12856,'2016-06-10T00:00:00.000',NULL,NULL,5.7,NULL);
INSERT INTO Picture VALUES(1934737834,'images/1934737834',526048569,NULL,'description goes here',91146,'2013-05-10T23:00:00.000',NULL,NULL,8.6,NULL);
INSERT INTO Picture VALUES(1946740573,'images/1946740573',526048569,NULL,'description goes here',31661,'2009-10-15T00:00:00.000',NULL,NULL,4.8,NULL);
INSERT INTO Picture VALUES(2011404951,'images/2011404951',526048569,NULL,'description goes here',62987,'2001-11-07T00:00:00.000',NULL,NULL,8.8,NULL);
INSERT INTO Picture VALUES(2025188438,'images/2025188438',526048569,NULL,'description goes here',21964,'2002-11-16T00:00:00.000',NULL,NULL,0.0,NULL);
INSERT INTO Picture VALUES(2118584137,'images/2118584137',526048569,NULL,'description goes here',94624,'2005-08-10T00:00:00.000',NULL,NULL,4.3,NULL);
INSERT INTO Picture VALUES(2167891780,'images/2167891780',526048569,NULL,'description goes here',70510,'2004-12-15T00:00:00.000',NULL,NULL,3.8,NULL);
INSERT INTO Picture VALUES(2197057811,'images/2197057811',526048569,NULL,'description goes here',37915,'2007-01-11T00:00:00.000',NULL,NULL,1.1,NULL);
INSERT INTO Picture VALUES(2279710148,'images/2279710148',526048569,NULL,'description goes here',21065,'2014-09-16T23:00:00.000',NULL,NULL,5.4,NULL);
INSERT INTO Picture VALUES(2315066661,'images/2315066661',526048569,NULL,'description goes here',66282,'2014-10-07T23:00:00.000',NULL,NULL,6.0,NULL);
INSERT INTO Picture VALUES(2397007341,'images/2397007341',526048569,NULL,'description goes here',83759,'2015-12-07T00:00:00.000',NULL,NULL,1.5,NULL);
INSERT INTO Picture VALUES(2472894942,'images/2472894942',526048569,NULL,'description goes here',50954,'2000-09-11T00:00:00.000',NULL,NULL,4.1,NULL);
INSERT INTO Picture VALUES(2476938600,'images/2476938600',526048569,NULL,'description goes here',84996,'2001-02-07T00:00:00.000',NULL,NULL,7.9,NULL);
INSERT INTO Picture VALUES(2477550660,'images/2477550660',526048569,NULL,'description goes here',92369,'2015-08-18T23:00:00.000',NULL,NULL,8.0,NULL);
INSERT INTO Picture VALUES(2511561226,'images/2511561226',526048569,NULL,'description goes here',69524,'2000-11-06T00:00:00.000',NULL,NULL,6.7,NULL);
INSERT INTO Picture VALUES(2524132277,'images/2524132277',526048569,NULL,'description goes here',4766,'2003-03-07T00:00:00.000',NULL,NULL,7.6,NULL);
INSERT INTO Picture VALUES(2594328709,'images/2594328709',526048569,NULL,'description goes here',65440,'2001-09-06T00:00:00.000',NULL,NULL,6.2,NULL);
INSERT INTO Picture VALUES(2613676227,'images/2613676227',526048569,NULL,'description goes here',55261,'2001-10-21T00:00:00.000',NULL,NULL,9.8,NULL);
INSERT INTO Picture VALUES(2681571357,'images/2681571357',526048569,NULL,'description goes here',68535,'2015-04-21T23:00:00.000',NULL,NULL,6.4,NULL);
INSERT INTO Picture VALUES(2709777460,'images/2709777460',526048569,NULL,'description goes here',99011,'2016-01-13T00:00:00.000',NULL,NULL,7.1,NULL);
INSERT INTO Picture VALUES(2732725486,'images/2732725486',526048569,NULL,'description goes here',36379,'2012-06-24T23:00:00.000',NULL,NULL,1.4,NULL);
INSERT INTO Picture VALUES(2736125678,'images/2736125678',526048569,NULL,'description goes here',31129,'2017-06-06T00:00:00.000',NULL,NULL,8.1,NULL);
INSERT INTO Picture VALUES(2769321523,'images/2769321523',526048569,NULL,'description goes here',54117,'2013-03-22T00:00:00.000',NULL,NULL,8.1,NULL);
INSERT INTO Picture VALUES(2891144222,'images/2891144222',526048569,NULL,'description goes here',6584,'2010-05-17T23:00:00.000',NULL,NULL,1.2,NULL);
INSERT INTO Picture VALUES(3031590356,'images/3031590356',526048569,NULL,'description goes here',51172,'2003-06-16T00:00:00.000',NULL,NULL,3.6,NULL);
INSERT INTO Picture VALUES(3060760427,'images/3060760427',526048569,NULL,'description goes here',19964,'2008-05-04T00:00:00.000',NULL,NULL,2.0,NULL);
INSERT INTO Picture VALUES(3075704251,'images/3075704251',526048569,NULL,'description goes here',15759,'2015-01-16T00:00:00.000',NULL,NULL,9.0,NULL);
INSERT INTO Picture VALUES(3085765717,'images/3085765717',526048569,NULL,'description goes here',82434,'2010-04-17T00:00:00.000',NULL,NULL,8.4,NULL);
INSERT INTO Picture VALUES(3096287733,'images/3096287733',526048569,NULL,'description goes here',5097,'2016-12-20T00:00:00.000',NULL,NULL,0.7,NULL);
INSERT INTO Picture VALUES(3114177479,'images/3114177479',526048569,NULL,'description goes here',14592,'2002-11-10T00:00:00.000',NULL,NULL,2.8,NULL);
INSERT INTO Picture VALUES(3147117593,'images/3147117593',526048569,NULL,'description goes here',61246,'2014-02-05T00:00:00.000',NULL,NULL,2.5,NULL);
INSERT INTO Picture VALUES(3153578802,'images/3153578802',526048569,NULL,'description goes here',60537,'2008-05-16T00:00:00.000',NULL,NULL,9.5,NULL);
INSERT INTO Picture VALUES(3178613005,'images/3178613005',526048569,NULL,'description goes here',9528,'2006-08-12T00:00:00.000',NULL,NULL,9.3,NULL);
INSERT INTO Picture VALUES(3251645525,'images/3251645525',526048569,NULL,'description goes here',9828,'2005-02-25T00:00:00.000',NULL,NULL,4.1,NULL);
INSERT INTO Picture VALUES(3318828464,'images/3318828464',526048569,NULL,'description goes here',39167,'2015-03-13T00:00:00.000',NULL,NULL,1.7,NULL);
INSERT INTO Picture VALUES(3337616560,'images/3337616560',526048569,NULL,'description goes here',95827,'2016-09-10T23:00:00.000',NULL,NULL,9.5,NULL);
INSERT INTO Picture VALUES(3362433392,'images/3362433392',526048569,NULL,'description goes here',11730,'2004-10-07T00:00:00.000',NULL,NULL,8.8,NULL);
INSERT INTO Picture VALUES(3501169693,'images/3501169693',526048569,NULL,'description goes here',43869,'2007-02-06T00:00:00.000',NULL,NULL,6.7,NULL);
INSERT INTO Picture VALUES(3512587071,'images/3512587071',526048569,NULL,'description goes here',37240,'2001-03-05T00:00:00.000',NULL,NULL,1.6,NULL);
INSERT INTO Picture VALUES(3565470715,'images/3565470715',526048569,NULL,'description goes here',95974,'2017-12-06T00:00:00.000',NULL,NULL,6.3,NULL);
INSERT INTO Picture VALUES(3592281346,'images/3592281346',526048569,NULL,'description goes here',78145,'2017-05-24T00:00:00.000',NULL,NULL,7.6,NULL);
INSERT INTO Picture VALUES(3672437283,'images/3672437283',526048569,NULL,'description goes here',22584,'2013-10-12T23:00:00.000',NULL,NULL,2.2,NULL);
INSERT INTO Picture VALUES(3687800450,'images/3687800450',526048569,NULL,'description goes here',9015,'2001-11-06T00:00:00.000',NULL,NULL,3.3,NULL);
INSERT INTO Picture VALUES(3714876949,'images/3714876949',526048569,NULL,'description goes here',78939,'2007-07-11T00:00:00.000',NULL,NULL,4.6,NULL);
INSERT INTO Picture VALUES(3746407218,'images/3746407218',526048569,NULL,'description goes here',75649,'2003-06-17T00:00:00.000',NULL,NULL,2.5,NULL);
INSERT INTO Picture VALUES(3775912056,'images/3775912056',526048569,NULL,'description goes here',59305,'2012-06-02T23:00:00.000',NULL,NULL,1.7,NULL);
INSERT INTO Picture VALUES(3781542961,'images/3781542961',526048569,NULL,'description goes here',97795,'2006-11-24T00:00:00.000',NULL,NULL,5.2,NULL);
INSERT INTO Picture VALUES(3848821883,'images/3848821883',526048569,NULL,'description goes here',92998,'2014-01-04T00:00:00.000',NULL,NULL,8.0,NULL);
INSERT INTO Picture VALUES(3866178256,'images/3866178256',526048569,NULL,'description goes here',2293,'2000-05-02T00:00:00.000',NULL,NULL,7.9,NULL);
INSERT INTO Picture VALUES(3874390684,'images/3874390684',526048569,NULL,'description goes here',88390,'2017-02-07T00:00:00.000',NULL,NULL,0.6,NULL);
INSERT INTO Picture VALUES(3932914999,'images/3932914999',526048569,NULL,'description goes here',29671,'2005-11-01T00:00:00.000',NULL,NULL,8.1,NULL);
INSERT INTO Picture VALUES(4010299825,'images/4010299825',526048569,NULL,'description goes here',76539,'2016-05-02T23:00:00.000',NULL,NULL,6.1,NULL);
INSERT INTO Picture VALUES(4088751496,'images/4088751496',526048569,NULL,'description goes here',75691,'2017-06-08T00:00:00.000',NULL,NULL,6.8,NULL);
INSERT INTO Picture VALUES(4095918941,'images/4095918941',526048569,NULL,'description goes here',93026,'2011-10-20T00:00:00.000',NULL,NULL,3.2,NULL);
INSERT INTO Picture VALUES(4134422137,'images/4134422137',526048569,NULL,'description goes here',89132,'2005-05-22T00:00:00.000',NULL,NULL,3.0,NULL);
INSERT INTO Picture VALUES(4159717922,'images/4159717922',526048569,NULL,'description goes here',78398,'2005-09-22T00:00:00.000',NULL,NULL,2.1,NULL);
INSERT INTO Picture VALUES(4290612094,'images/4290612094',526048569,NULL,'description goes here',88887,'2016-06-04T23:00:00.000',NULL,NULL,6.7,NULL);

# Insert Random Picture Ratings.

INSERT INTO PictureRating VALUES(2647489632,755906459,3);
INSERT INTO PictureRating VALUES(305217437,3060760427,5);
INSERT INTO PictureRating VALUES(2731168092,2594328709,5);
INSERT INTO PictureRating VALUES(3925432538,2736125678,5);
INSERT INTO PictureRating VALUES(496256844,833504595,2);
INSERT INTO PictureRating VALUES(729974710,4134422137,4);
INSERT INTO PictureRating VALUES(2647489632,2594328709,3);
INSERT INTO PictureRating VALUES(2942697196,2681571357,2);
INSERT INTO PictureRating VALUES(729974710,1733285415,3);
INSERT INTO PictureRating VALUES(1208533390,1095498383,1);
INSERT INTO PictureRating VALUES(2070073657,666407999,4);
INSERT INTO PictureRating VALUES(557826491,991293923,2);
INSERT INTO PictureRating VALUES(2046360401,3501169693,4);
INSERT INTO PictureRating VALUES(3083697524,3746407218,1);
INSERT INTO PictureRating VALUES(557826491,2197057811,3);
INSERT INTO PictureRating VALUES(526048569,579385908,3);
INSERT INTO PictureRating VALUES(922169661,833504595,2);
INSERT INTO PictureRating VALUES(2911903596,4290612094,2);
INSERT INTO PictureRating VALUES(1872377509,2709777460,4);
INSERT INTO PictureRating VALUES(922169661,3075704251,1);
INSERT INTO PictureRating VALUES(194761516,3075704251,3);
INSERT INTO PictureRating VALUES(922169661,2732725486,5);
INSERT INTO PictureRating VALUES(146975828,991293923,4);
INSERT INTO PictureRating VALUES(1676098685,1497555616,2);
INSERT INTO PictureRating VALUES(14896042,579385908,3);
INSERT INTO PictureRating VALUES(4172279659,666407999,5);
INSERT INTO PictureRating VALUES(3722024246,3114177479,2);
INSERT INTO PictureRating VALUES(541412362,3096287733,2);
INSERT INTO PictureRating VALUES(1115504290,1037681066,1);
INSERT INTO PictureRating VALUES(2529218807,2472894942,5);
INSERT INTO PictureRating VALUES(729974710,3337616560,2);
INSERT INTO PictureRating VALUES(1480257453,4290612094,2);
INSERT INTO PictureRating VALUES(729974710,3746407218,1);
INSERT INTO PictureRating VALUES(1199855336,1208972366,5);
INSERT INTO PictureRating VALUES(1495793228,3746407218,2);
INSERT INTO PictureRating VALUES(1992200165,1584080515,1);
INSERT INTO PictureRating VALUES(526048569,498084974,4);
INSERT INTO PictureRating VALUES(729974710,3848821883,2);
INSERT INTO PictureRating VALUES(1015747121,4088751496,4);
INSERT INTO PictureRating VALUES(2529218807,2709777460,3);
INSERT INTO PictureRating VALUES(2647489632,1670526502,2);
INSERT INTO PictureRating VALUES(496256844,2769321523,1);
INSERT INTO PictureRating VALUES(2846166778,3866178256,3);
INSERT INTO PictureRating VALUES(1208533390,3096287733,3);
INSERT INTO PictureRating VALUES(1208533390,2732725486,2);
INSERT INTO PictureRating VALUES(1015747121,2477550660,4);
INSERT INTO PictureRating VALUES(636309673,3153578802,4);
INSERT INTO PictureRating VALUES(2191570307,2011404951,5);
INSERT INTO PictureRating VALUES(194761516,1760285770,4);
INSERT INTO PictureRating VALUES(2871409450,128279555,3);
INSERT INTO PictureRating VALUES(1904585482,1724049224,1);
INSERT INTO PictureRating VALUES(194761516,3592281346,5);
INSERT INTO PictureRating VALUES(2846166778,3153578802,1);
INSERT INTO PictureRating VALUES(2138225608,3874390684,5);
INSERT INTO PictureRating VALUES(636309673,3592281346,5);
INSERT INTO PictureRating VALUES(2871409450,2594328709,3);
INSERT INTO PictureRating VALUES(1356003202,2736125678,1);
INSERT INTO PictureRating VALUES(1199855336,164000832,5);
INSERT INTO PictureRating VALUES(496256844,1208972366,2);
INSERT INTO PictureRating VALUES(1208533390,2315066661,5);
INSERT INTO PictureRating VALUES(1480257453,8479186,2);
INSERT INTO PictureRating VALUES(2846166778,4159717922,1);
INSERT INTO PictureRating VALUES(1545906710,4159717922,5);
INSERT INTO PictureRating VALUES(2541957397,2891144222,3);
INSERT INTO PictureRating VALUES(496256844,3775912056,1);
INSERT INTO PictureRating VALUES(2647489632,642306705,3);
INSERT INTO PictureRating VALUES(2911903596,1095498383,1);
INSERT INTO PictureRating VALUES(1199855336,1670526502,5);
INSERT INTO PictureRating VALUES(1872377509,373303537,3);
INSERT INTO PictureRating VALUES(2138225608,1934737834,4);
INSERT INTO PictureRating VALUES(2942697196,3687800450,1);
INSERT INTO PictureRating VALUES(14896042,265747276,3);
INSERT INTO PictureRating VALUES(3914337467,496029085,5);
INSERT INTO PictureRating VALUES(1925282347,3031590356,5);
INSERT INTO PictureRating VALUES(4228710617,3874390684,5);
INSERT INTO PictureRating VALUES(2942697196,1037681066,1);
INSERT INTO PictureRating VALUES(194761516,3085765717,3);
INSERT INTO PictureRating VALUES(636309673,200364380,1);
INSERT INTO PictureRating VALUES(2046360401,1497555616,2);
INSERT INTO PictureRating VALUES(4228710617,3114177479,2);
INSERT INTO PictureRating VALUES(3513853484,152205838,4);
INSERT INTO PictureRating VALUES(1904585482,1001866553,4);
INSERT INTO PictureRating VALUES(1208533390,3672437283,4);
INSERT INTO PictureRating VALUES(2484660823,3592281346,2);
INSERT INTO PictureRating VALUES(2484660823,3318828464,5);
INSERT INTO PictureRating VALUES(305217437,3592281346,1);
INSERT INTO PictureRating VALUES(2541957397,3687800450,3);
INSERT INTO PictureRating VALUES(4172279659,2118584137,5);
INSERT INTO PictureRating VALUES(1503177090,2736125678,4);
INSERT INTO PictureRating VALUES(1503177090,2769321523,5);
INSERT INTO PictureRating VALUES(729974710,1208972366,3);
INSERT INTO PictureRating VALUES(1936064499,2025188438,3);
INSERT INTO PictureRating VALUES(3513853484,1379794363,2);
INSERT INTO PictureRating VALUES(1545906710,1655460470,5);
INSERT INTO PictureRating VALUES(2942697196,2769321523,2);
INSERT INTO PictureRating VALUES(194761516,2681571357,1);
INSERT INTO PictureRating VALUES(1199855336,4134422137,4);
INSERT INTO PictureRating VALUES(1015747121,1783325062,2);
INSERT INTO PictureRating VALUES(3722024246,2397007341,2);
INSERT INTO PictureRating VALUES(2942697196,2709777460,3);
INSERT INTO PictureRating VALUES(496256844,3512587071,3);
INSERT INTO PictureRating VALUES(1925282347,3178613005,3);
INSERT INTO PictureRating VALUES(526048569,3866178256,3);
INSERT INTO PictureRating VALUES(332383795,3775912056,5);
INSERT INTO PictureRating VALUES(2846166778,4010299825,1);
INSERT INTO PictureRating VALUES(305217437,1497555616,2);
INSERT INTO PictureRating VALUES(305217437,4095918941,2);
INSERT INTO PictureRating VALUES(3925432538,2511561226,1);
INSERT INTO PictureRating VALUES(3722024246,8479186,2);
INSERT INTO PictureRating VALUES(1356003202,1065000115,5);
INSERT INTO PictureRating VALUES(557826491,3592281346,4);
INSERT INTO PictureRating VALUES(2484660823,1934737834,5);
INSERT INTO PictureRating VALUES(2911903596,348031180,5);
INSERT INTO PictureRating VALUES(14896042,3672437283,5);
INSERT INTO PictureRating VALUES(557826491,3687800450,5);
INSERT INTO PictureRating VALUES(2484660823,1760285770,4);
INSERT INTO PictureRating VALUES(305217437,898700380,2);
INSERT INTO PictureRating VALUES(526048569,164000832,1);
INSERT INTO PictureRating VALUES(1356003202,4290612094,4);
INSERT INTO PictureRating VALUES(194761516,2279710148,2);
INSERT INTO PictureRating VALUES(922169661,4159717922,2);
INSERT INTO PictureRating VALUES(194761516,3714876949,5);
INSERT INTO PictureRating VALUES(526048569,2167891780,1);
INSERT INTO PictureRating VALUES(1503177090,1681520096,2);
INSERT INTO PictureRating VALUES(1992200165,407949662,4);
INSERT INTO PictureRating VALUES(3925432538,3096287733,5);
INSERT INTO PictureRating VALUES(1676098685,1783325062,2);
INSERT INTO PictureRating VALUES(146975828,755906459,4);
INSERT INTO PictureRating VALUES(1503177090,837331276,4);
INSERT INTO PictureRating VALUES(922169661,2197057811,2);
INSERT INTO PictureRating VALUES(1208533390,3114177479,2);
INSERT INTO PictureRating VALUES(4172279659,1733285415,5);
INSERT INTO PictureRating VALUES(1936064499,373303537,1);
INSERT INTO PictureRating VALUES(2191570307,3501169693,2);
INSERT INTO PictureRating VALUES(2846166778,2315066661,4);
INSERT INTO PictureRating VALUES(1904585482,4290612094,1);
INSERT INTO PictureRating VALUES(2647489632,3085765717,3);
INSERT INTO PictureRating VALUES(2421398447,496029085,4);
INSERT INTO PictureRating VALUES(3722024246,220794743,5);
INSERT INTO PictureRating VALUES(2138225608,3687800450,2);
INSERT INTO PictureRating VALUES(3914337467,1001866553,3);
INSERT INTO PictureRating VALUES(2846166778,3060760427,5);
INSERT INTO PictureRating VALUES(2541957397,3714876949,3);
INSERT INTO PictureRating VALUES(729974710,3672437283,3);
INSERT INTO PictureRating VALUES(541412362,2025188438,3);
INSERT INTO PictureRating VALUES(3722024246,3337616560,2);
INSERT INTO PictureRating VALUES(14896042,1724049224,5);
INSERT INTO PictureRating VALUES(636309673,1733285415,2);
INSERT INTO PictureRating VALUES(541412362,2472894942,5);
INSERT INTO PictureRating VALUES(3554239342,496029085,4);
INSERT INTO PictureRating VALUES(1992200165,3178613005,1);
INSERT INTO PictureRating VALUES(2138225608,701883307,3);
INSERT INTO PictureRating VALUES(2484660823,3848821883,5);
INSERT INTO PictureRating VALUES(305217437,3318828464,5);
INSERT INTO PictureRating VALUES(1199855336,152205838,4);
INSERT INTO PictureRating VALUES(332383795,1208972366,4);
INSERT INTO PictureRating VALUES(2138225608,2769321523,5);
INSERT INTO PictureRating VALUES(3925432538,348031180,3);
INSERT INTO PictureRating VALUES(1503177090,1584080515,2);
INSERT INTO PictureRating VALUES(1356003202,1673022683,4);
INSERT INTO PictureRating VALUES(1904585482,1934737834,5);
INSERT INTO PictureRating VALUES(1015747121,3866178256,4);
INSERT INTO PictureRating VALUES(1904585482,642306705,4);
INSERT INTO PictureRating VALUES(2046360401,1724049224,4);
INSERT INTO PictureRating VALUES(3513853484,898700380,1);
INSERT INTO PictureRating VALUES(194761516,2511561226,3);
INSERT INTO PictureRating VALUES(194761516,2118584137,5);
INSERT INTO PictureRating VALUES(1545906710,579385908,1);
INSERT INTO PictureRating VALUES(2731168092,1655460470,3);
INSERT INTO PictureRating VALUES(146975828,3848821883,3);
INSERT INTO PictureRating VALUES(1872377509,2594328709,4);
INSERT INTO PictureRating VALUES(1015747121,200364380,3);
INSERT INTO PictureRating VALUES(1480257453,220794743,4);
INSERT INTO PictureRating VALUES(636309673,3932914999,5);
INSERT INTO PictureRating VALUES(3513853484,2736125678,2);
INSERT INTO PictureRating VALUES(1872377509,940091472,5);
INSERT INTO PictureRating VALUES(2731168092,2477550660,4);
INSERT INTO PictureRating VALUES(1992200165,3147117593,4);
INSERT INTO PictureRating VALUES(729974710,2279710148,2);
INSERT INTO PictureRating VALUES(305217437,3251645525,1);
INSERT INTO PictureRating VALUES(2731168092,1670526502,3);
INSERT INTO PictureRating VALUES(1992200165,3318828464,3);
INSERT INTO PictureRating VALUES(2484660823,1673022683,3);
INSERT INTO PictureRating VALUES(4228710617,1369907957,2);
INSERT INTO PictureRating VALUES(3914337467,152205838,3);
INSERT INTO PictureRating VALUES(332383795,510638594,4);
INSERT INTO PictureRating VALUES(2046360401,1783325062,1);
INSERT INTO PictureRating VALUES(1495793228,220794743,5);
INSERT INTO PictureRating VALUES(2541957397,348031180,5);
INSERT INTO PictureRating VALUES(3925432538,407949662,3);
INSERT INTO PictureRating VALUES(1208533390,2891144222,5);
INSERT INTO PictureRating VALUES(2731168092,1001866553,5);
INSERT INTO PictureRating VALUES(2911903596,164000832,5);
INSERT INTO PictureRating VALUES(3083697524,3932914999,5);
INSERT INTO PictureRating VALUES(14896042,837331276,1);
INSERT INTO PictureRating VALUES(3914337467,701883307,1);
INSERT INTO PictureRating VALUES(4172279659,128279555,4);
INSERT INTO PictureRating VALUES(1676098685,3337616560,3);
INSERT INTO PictureRating VALUES(3513853484,1733285415,1);
INSERT INTO PictureRating VALUES(1199855336,579385908,4);
INSERT INTO PictureRating VALUES(2484660823,1001866553,2);
INSERT INTO PictureRating VALUES(3513853484,965446537,5);
INSERT INTO PictureRating VALUES(1872377509,965446537,5);
INSERT INTO PictureRating VALUES(636309673,1783325062,4);
INSERT INTO PictureRating VALUES(2421398447,2167891780,4);
INSERT INTO PictureRating VALUES(2646366888,2732725486,2);
INSERT INTO PictureRating VALUES(332383795,3687800450,2);
INSERT INTO PictureRating VALUES(4172279659,1946740573,5);
INSERT INTO PictureRating VALUES(2046360401,2736125678,2);
INSERT INTO PictureRating VALUES(4172279659,498084974,1);
INSERT INTO PictureRating VALUES(1115504290,579385908,2);
INSERT INTO PictureRating VALUES(2646366888,2025188438,3);
INSERT INTO PictureRating VALUES(2484660823,3060760427,3);
INSERT INTO PictureRating VALUES(2731168092,1783325062,3);
INSERT INTO PictureRating VALUES(1015747121,3096287733,3);
INSERT INTO PictureRating VALUES(146975828,4010299825,4);
INSERT INTO PictureRating VALUES(4172279659,991293923,4);
INSERT INTO PictureRating VALUES(1495793228,701883307,3);
INSERT INTO PictureRating VALUES(332383795,701883307,5);
INSERT INTO PictureRating VALUES(4228710617,2118584137,4);
INSERT INTO PictureRating VALUES(1495793228,1584080515,2);
INSERT INTO PictureRating VALUES(557826491,3085765717,4);
INSERT INTO PictureRating VALUES(2046360401,2769321523,3);
INSERT INTO PictureRating VALUES(3083697524,4088751496,2);
INSERT INTO PictureRating VALUES(1199855336,498084974,1);
INSERT INTO PictureRating VALUES(1495793228,3114177479,3);
INSERT INTO PictureRating VALUES(146975828,4134422137,5);
INSERT INTO PictureRating VALUES(2529218807,1497555616,4);
INSERT INTO PictureRating VALUES(1925282347,2891144222,5);
INSERT INTO PictureRating VALUES(1115504290,1670526502,2);
INSERT INTO PictureRating VALUES(3914337467,1946740573,2);
INSERT INTO PictureRating VALUES(2541957397,3031590356,3);
INSERT INTO PictureRating VALUES(3083697524,3781542961,4);
INSERT INTO PictureRating VALUES(541412362,3251645525,2);
INSERT INTO PictureRating VALUES(2421398447,3932914999,1);
INSERT INTO PictureRating VALUES(2421398447,1095498383,1);
INSERT INTO PictureRating VALUES(1199855336,1760285770,4);
INSERT INTO PictureRating VALUES(2646366888,1681520096,2);
INSERT INTO PictureRating VALUES(1015747121,3932914999,3);
INSERT INTO PictureRating VALUES(3554239342,3318828464,3);
INSERT INTO PictureRating VALUES(1992200165,701883307,5);
INSERT INTO PictureRating VALUES(2646366888,2011404951,1);
INSERT INTO PictureRating VALUES(1676098685,2476938600,3);
INSERT INTO PictureRating VALUES(1676098685,755906459,3);
INSERT INTO PictureRating VALUES(496256844,152205838,2);
INSERT INTO PictureRating VALUES(1545906710,1095498383,2);
INSERT INTO PictureRating VALUES(1503177090,3085765717,4);
INSERT INTO PictureRating VALUES(2070073657,1655460470,5);
INSERT INTO PictureRating VALUES(3914337467,4088751496,2);
INSERT INTO PictureRating VALUES(1115504290,1760285770,2);
INSERT INTO PictureRating VALUES(3722024246,2011404951,4);
INSERT INTO PictureRating VALUES(2647489632,965446537,2);
INSERT INTO PictureRating VALUES(1115504290,3096287733,4);
INSERT INTO PictureRating VALUES(1872377509,2511561226,3);
INSERT INTO PictureRating VALUES(4228710617,1133854675,2);
INSERT INTO PictureRating VALUES(3554239342,2511561226,4);
INSERT INTO PictureRating VALUES(2871409450,3085765717,2);
INSERT INTO PictureRating VALUES(2070073657,940091472,1);
INSERT INTO PictureRating VALUES(2871409450,2011404951,2);
INSERT INTO PictureRating VALUES(2911903596,642306705,4);
INSERT INTO PictureRating VALUES(1115504290,3775912056,5);
INSERT INTO PictureRating VALUES(2871409450,1208972366,2);
INSERT INTO PictureRating VALUES(14896042,1369907957,2);
INSERT INTO PictureRating VALUES(2871409450,3251645525,3);
INSERT INTO PictureRating VALUES(3554239342,2736125678,1);
INSERT INTO PictureRating VALUES(1480257453,3501169693,5);
INSERT INTO PictureRating VALUES(3083697524,3672437283,3);
INSERT INTO PictureRating VALUES(2541957397,128279555,4);
INSERT INTO PictureRating VALUES(3722024246,3687800450,3);
INSERT INTO PictureRating VALUES(3083697524,2613676227,4);
INSERT INTO PictureRating VALUES(3925432538,8479186,4);
INSERT INTO PictureRating VALUES(2138225608,3746407218,5);
INSERT INTO PictureRating VALUES(526048569,2477550660,2);
INSERT INTO PictureRating VALUES(2647489632,3932914999,4);
INSERT INTO PictureRating VALUES(3083697524,348031180,2);
INSERT INTO PictureRating VALUES(14896042,3147117593,5);
INSERT INTO PictureRating VALUES(1356003202,2025188438,4);
INSERT INTO PictureRating VALUES(1925282347,1673022683,4);
INSERT INTO PictureRating VALUES(14896042,4290612094,4);
INSERT INTO PictureRating VALUES(2942697196,200364380,3);
INSERT INTO PictureRating VALUES(194761516,666407999,5);
INSERT INTO PictureRating VALUES(3554239342,2613676227,4);
INSERT INTO PictureRating VALUES(1545906710,1379794363,2);
INSERT INTO PictureRating VALUES(3914337467,3512587071,5);
INSERT INTO PictureRating VALUES(1676098685,3096287733,2);
INSERT INTO PictureRating VALUES(557826491,2167891780,3);
INSERT INTO PictureRating VALUES(3925432538,2397007341,5);
INSERT INTO PictureRating VALUES(729974710,1065000115,2);
INSERT INTO PictureRating VALUES(1904585482,2732725486,1);
INSERT INTO PictureRating VALUES(2046360401,3085765717,4);
INSERT INTO PictureRating VALUES(194761516,3848821883,2);
INSERT INTO PictureRating VALUES(2871409450,1369907957,3);
INSERT INTO PictureRating VALUES(3513853484,3096287733,2);
INSERT INTO PictureRating VALUES(2871409450,3153578802,5);
INSERT INTO PictureRating VALUES(1992200165,1679849662,3);
INSERT INTO PictureRating VALUES(2731168092,1760285770,4);
INSERT INTO PictureRating VALUES(2541957397,4095918941,3);
INSERT INTO PictureRating VALUES(2529218807,4134422137,4);
INSERT INTO PictureRating VALUES(146975828,1497555616,3);
INSERT INTO PictureRating VALUES(4172279659,1679849662,2);
INSERT INTO PictureRating VALUES(636309673,3687800450,2);
INSERT INTO PictureRating VALUES(2191570307,3672437283,4);
INSERT INTO PictureRating VALUES(922169661,2524132277,5);
INSERT INTO PictureRating VALUES(3083697524,4095918941,3);
INSERT INTO PictureRating VALUES(4228710617,1724049224,4);
INSERT INTO PictureRating VALUES(332383795,4088751496,1);
INSERT INTO PictureRating VALUES(1676098685,4010299825,3);
INSERT INTO PictureRating VALUES(2541957397,1673022683,2);
INSERT INTO PictureRating VALUES(729974710,3714876949,1);
INSERT INTO PictureRating VALUES(1992200165,4134422137,4);
INSERT INTO PictureRating VALUES(1208533390,3874390684,3);
INSERT INTO PictureRating VALUES(3083697524,1946740573,5);
INSERT INTO PictureRating VALUES(1115504290,407949662,1);
INSERT INTO PictureRating VALUES(4172279659,152205838,1);
INSERT INTO PictureRating VALUES(2846166778,898700380,4);
INSERT INTO PictureRating VALUES(1872377509,2681571357,3);
INSERT INTO PictureRating VALUES(1676098685,2709777460,1);
INSERT INTO PictureRating VALUES(1356003202,701883307,4);
INSERT INTO PictureRating VALUES(194761516,1681520096,4);
INSERT INTO PictureRating VALUES(2046360401,2594328709,5);
INSERT INTO PictureRating VALUES(2484660823,2279710148,5);
INSERT INTO PictureRating VALUES(1925282347,3874390684,4);
INSERT INTO PictureRating VALUES(3513853484,496029085,1);
INSERT INTO PictureRating VALUES(146975828,2025188438,2);
INSERT INTO PictureRating VALUES(2541957397,3251645525,5);
INSERT INTO PictureRating VALUES(496256844,2197057811,1);
INSERT INTO PictureRating VALUES(3722024246,4088751496,1);
INSERT INTO PictureRating VALUES(1199855336,3031590356,1);
INSERT INTO PictureRating VALUES(636309673,1946740573,4);
INSERT INTO PictureRating VALUES(194761516,4290612094,2);
INSERT INTO PictureRating VALUES(1503177090,3565470715,1);
INSERT INTO PictureRating VALUES(332383795,1655460470,2);
INSERT INTO PictureRating VALUES(2731168092,4088751496,5);
INSERT INTO PictureRating VALUES(3914337467,2524132277,1);
INSERT INTO PictureRating VALUES(3925432538,1369907957,5);
INSERT INTO PictureRating VALUES(305217437,4159717922,3);
INSERT INTO PictureRating VALUES(3554239342,666407999,1);
INSERT INTO PictureRating VALUES(1199855336,3874390684,4);
INSERT INTO PictureRating VALUES(1676098685,1733285415,3);
INSERT INTO PictureRating VALUES(4228710617,1584080515,4);
INSERT INTO PictureRating VALUES(2529218807,2197057811,3);
INSERT INTO PictureRating VALUES(557826491,1681520096,1);
INSERT INTO PictureRating VALUES(1480257453,991293923,2);
INSERT INTO PictureRating VALUES(1936064499,164000832,1);
INSERT INTO PictureRating VALUES(1015747121,220794743,2);
INSERT INTO PictureRating VALUES(526048569,3085765717,5);
INSERT INTO PictureRating VALUES(2138225608,3848821883,5);
INSERT INTO PictureRating VALUES(2871409450,3672437283,3);
INSERT INTO PictureRating VALUES(636309673,3075704251,3);
INSERT INTO PictureRating VALUES(2529218807,498084974,4);
INSERT INTO PictureRating VALUES(3914337467,2167891780,1);
INSERT INTO PictureRating VALUES(4228710617,4159717922,1);
INSERT INTO PictureRating VALUES(2541957397,2732725486,3);
INSERT INTO PictureRating VALUES(636309673,2477550660,5);
INSERT INTO PictureRating VALUES(729974710,3031590356,4);
INSERT INTO PictureRating VALUES(636309673,407949662,1);
INSERT INTO PictureRating VALUES(729974710,3775912056,2);
INSERT INTO PictureRating VALUES(146975828,898700380,3);
INSERT INTO PictureRating VALUES(496256844,4134422137,3);
INSERT INTO PictureRating VALUES(3925432538,164000832,3);
INSERT INTO PictureRating VALUES(146975828,1673022683,1);
INSERT INTO PictureRating VALUES(4228710617,1497555616,3);
INSERT INTO PictureRating VALUES(496256844,2613676227,2);
INSERT INTO PictureRating VALUES(1015747121,1724049224,4);
INSERT INTO PictureRating VALUES(1015747121,3085765717,3);
INSERT INTO PictureRating VALUES(4228710617,1783325062,5);
INSERT INTO PictureRating VALUES(14896042,152205838,2);
INSERT INTO PictureRating VALUES(557826491,1946740573,2);
INSERT INTO PictureRating VALUES(332383795,2397007341,1);
INSERT INTO PictureRating VALUES(1199855336,833504595,2);
INSERT INTO PictureRating VALUES(2911903596,1584080515,5);
INSERT INTO PictureRating VALUES(1503177090,1037681066,4);
INSERT INTO PictureRating VALUES(1872377509,611958002,3);
INSERT INTO PictureRating VALUES(2138225608,200364380,2);
INSERT INTO PictureRating VALUES(729974710,3251645525,5);
INSERT INTO PictureRating VALUES(3554239342,3746407218,5);
INSERT INTO PictureRating VALUES(2541957397,3096287733,2);
INSERT INTO PictureRating VALUES(1015747121,701883307,3);
INSERT INTO PictureRating VALUES(922169661,3501169693,3);
INSERT INTO PictureRating VALUES(1872377509,833504595,1);
INSERT INTO PictureRating VALUES(557826491,1065000115,2);
INSERT INTO PictureRating VALUES(1199855336,4159717922,3);
INSERT INTO PictureRating VALUES(2138225608,8479186,5);
INSERT INTO PictureRating VALUES(1480257453,755906459,3);

# Insert Picture Comments.

INSERT INTO PictureComment VALUES(42885542,'Some text','2013-07-08T00:00:00.000',305217437,305217437);
INSERT INTO PictureComment VALUES(53617547,'Some text','2006-11-05T00:00:00.000',3513853484,3513853484);
INSERT INTO PictureComment VALUES(66554382,'Some text','2013-03-05T00:00:00.000',3722024246,3722024246);
INSERT INTO PictureComment VALUES(108188330,'Some text','2008-01-24T00:00:00.000',1356003202,1356003202);
INSERT INTO PictureComment VALUES(132257276,'Some text','2002-11-08T00:00:00.000',2421398447,2421398447);
INSERT INTO PictureComment VALUES(250220915,'Some text','2004-01-16T00:00:00.000',2529218807,2529218807);
INSERT INTO PictureComment VALUES(289466416,'Some text','2013-07-25T00:00:00.000',3513853484,3513853484);
INSERT INTO PictureComment VALUES(298561379,'Some text','2003-11-18T00:00:00.000',332383795,332383795);
INSERT INTO PictureComment VALUES(311977653,'Some text','2011-04-05T23:00:00.000',1495793228,1495793228);
INSERT INTO PictureComment VALUES(340370210,'Some text','2007-11-16T00:00:00.000',1480257453,1480257453);
INSERT INTO PictureComment VALUES(559223422,'Some text','2003-02-13T00:00:00.000',2138225608,2138225608);
INSERT INTO PictureComment VALUES(561784361,'Some text','2015-03-12T00:00:00.000',3925432538,3925432538);
INSERT INTO PictureComment VALUES(606803554,'Some text','2008-02-02T00:00:00.000',1356003202,1356003202);
INSERT INTO PictureComment VALUES(723507289,'Some text','2016-06-07T00:00:00.000',332383795,332383795);
INSERT INTO PictureComment VALUES(795718335,'Some text','2000-07-07T00:00:00.000',1992200165,1992200165);
INSERT INTO PictureComment VALUES(858102298,'Some text','2003-09-08T00:00:00.000',3925432538,3925432538);
INSERT INTO PictureComment VALUES(866319489,'Some text','2008-10-12T00:00:00.000',1199855336,1199855336);
INSERT INTO PictureComment VALUES(924923039,'Some text','2002-05-04T00:00:00.000',729974710,729974710);
INSERT INTO PictureComment VALUES(941782019,'Some text','2002-08-04T00:00:00.000',1480257453,1480257453);
INSERT INTO PictureComment VALUES(1005180425,'Some text','2003-03-16T00:00:00.000',332383795,332383795);
INSERT INTO PictureComment VALUES(1010767777,'Some text','2007-04-10T00:00:00.000',194761516,194761516);
INSERT INTO PictureComment VALUES(1028385386,'Some text','2013-04-14T00:00:00.000',526048569,526048569);
INSERT INTO PictureComment VALUES(1045993556,'Some text','2008-05-23T00:00:00.000',4172279659,4172279659);
INSERT INTO PictureComment VALUES(1162654365,'Some text','2007-05-04T00:00:00.000',1199855336,1199855336);
INSERT INTO PictureComment VALUES(1258342599,'Some text','2011-12-02T00:00:00.000',2871409450,2871409450);
INSERT INTO PictureComment VALUES(1277880827,'Some text','2008-04-01T00:00:00.000',2541957397,2541957397);
INSERT INTO PictureComment VALUES(1347711086,'Some text','2016-02-11T00:00:00.000',3914337467,3914337467);
INSERT INTO PictureComment VALUES(1358008100,'Some text','2005-05-08T00:00:00.000',194761516,194761516);
INSERT INTO PictureComment VALUES(1409215941,'Some text','2014-12-09T00:00:00.000',2138225608,2138225608);
INSERT INTO PictureComment VALUES(1414539494,'Some text','2008-05-07T00:00:00.000',1992200165,1992200165);
INSERT INTO PictureComment VALUES(1469997564,'Some text','2013-11-04T00:00:00.000',729974710,729974710);
INSERT INTO PictureComment VALUES(1500569737,'Some text','2005-08-19T00:00:00.000',2070073657,2070073657);
INSERT INTO PictureComment VALUES(1505301289,'Some text','2000-11-11T00:00:00.000',1904585482,1904585482);
INSERT INTO PictureComment VALUES(1524534987,'Some text','2016-06-13T00:00:00.000',194761516,194761516);
INSERT INTO PictureComment VALUES(1635151771,'Some text','2015-09-19T23:00:00.000',1904585482,1904585482);
INSERT INTO PictureComment VALUES(1693362433,'Some text','2002-01-23T00:00:00.000',2541957397,2541957397);
INSERT INTO PictureComment VALUES(1752024835,'Some text','2005-12-23T00:00:00.000',1925282347,1925282347);
INSERT INTO PictureComment VALUES(1756763966,'Some text','2004-11-12T00:00:00.000',2942697196,2942697196);
INSERT INTO PictureComment VALUES(1818216503,'Some text','2008-05-01T00:00:00.000',1936064499,1936064499);
INSERT INTO PictureComment VALUES(1831137501,'Some text','2014-09-24T23:00:00.000',3513853484,3513853484);
INSERT INTO PictureComment VALUES(1862291584,'Some text','2017-04-18T23:00:00.000',1208533390,1208533390);
INSERT INTO PictureComment VALUES(1919180846,'Some text','2005-04-17T00:00:00.000',2046360401,2046360401);
INSERT INTO PictureComment VALUES(1933024378,'Some text','2015-10-23T23:00:00.000',3925432538,3925432538);
INSERT INTO PictureComment VALUES(1943181446,'Some text','2004-07-04T00:00:00.000',2871409450,2871409450);
INSERT INTO PictureComment VALUES(2003367324,'Some text','2011-06-02T23:00:00.000',2846166778,2846166778);
INSERT INTO PictureComment VALUES(2088078749,'Some text','2004-02-07T00:00:00.000',3914337467,3914337467);
INSERT INTO PictureComment VALUES(2097903358,'Some text','2007-10-09T00:00:00.000',636309673,636309673);
INSERT INTO PictureComment VALUES(2130473213,'Some text','2001-11-16T00:00:00.000',1115504290,1115504290);
INSERT INTO PictureComment VALUES(2200340247,'Some text','2008-10-18T00:00:00.000',14896042,14896042);
INSERT INTO PictureComment VALUES(2243365364,'Some text','2008-12-12T00:00:00.000',1936064499,1936064499);
INSERT INTO PictureComment VALUES(2317056018,'Some text','2016-05-04T23:00:00.000',332383795,332383795);
INSERT INTO PictureComment VALUES(2335250691,'Some text','2002-07-15T00:00:00.000',3914337467,3914337467);
INSERT INTO PictureComment VALUES(2380995898,'Some text','2014-01-20T00:00:00.000',729974710,729974710);
INSERT INTO PictureComment VALUES(2384726342,'Some text','2007-12-14T00:00:00.000',496256844,496256844);
INSERT INTO PictureComment VALUES(2386619844,'Some text','2007-01-22T00:00:00.000',1676098685,1676098685);
INSERT INTO PictureComment VALUES(2541343642,'Some text','2011-07-12T23:00:00.000',146975828,146975828);
INSERT INTO PictureComment VALUES(2571751282,'Some text','2002-09-01T00:00:00.000',2138225608,2138225608);
INSERT INTO PictureComment VALUES(2614653943,'Some text','2006-03-11T00:00:00.000',1503177090,1503177090);
INSERT INTO PictureComment VALUES(2626055345,'Some text','2000-12-12T00:00:00.000',496256844,496256844);
INSERT INTO PictureComment VALUES(2689048666,'Some text','2009-07-06T23:00:00.000',2731168092,2731168092);
INSERT INTO PictureComment VALUES(2721165409,'Some text','2008-09-24T00:00:00.000',1676098685,1676098685);
INSERT INTO PictureComment VALUES(2728863108,'Some text','2007-10-10T00:00:00.000',1208533390,1208533390);
INSERT INTO PictureComment VALUES(2775630907,'Some text','2012-08-10T00:00:00.000',3513853484,3513853484);
INSERT INTO PictureComment VALUES(2792839398,'Some text','2005-01-17T00:00:00.000',2871409450,2871409450);
INSERT INTO PictureComment VALUES(2820103638,'Some text','2013-09-03T23:00:00.000',1115504290,1115504290);
INSERT INTO PictureComment VALUES(2852994868,'Some text','2008-12-09T00:00:00.000',3513853484,3513853484);
INSERT INTO PictureComment VALUES(3019104627,'Some text','2014-04-10T23:00:00.000',2911903596,2911903596);
INSERT INTO PictureComment VALUES(3019652903,'Some text','2014-04-05T23:00:00.000',922169661,922169661);
INSERT INTO PictureComment VALUES(3109235994,'Some text','2008-05-23T00:00:00.000',1356003202,1356003202);
INSERT INTO PictureComment VALUES(3191912458,'Some text','2013-12-20T00:00:00.000',1503177090,1503177090);
INSERT INTO PictureComment VALUES(3208281926,'Some text','2016-05-13T23:00:00.000',2911903596,2911903596);
INSERT INTO PictureComment VALUES(3265013686,'Some text','2008-03-06T00:00:00.000',541412362,541412362);
INSERT INTO PictureComment VALUES(3291518932,'Some text','2002-08-21T00:00:00.000',2138225608,2138225608);
INSERT INTO PictureComment VALUES(3305892633,'Some text','2011-11-08T00:00:00.000',1480257453,1480257453);
INSERT INTO PictureComment VALUES(3395151826,'Some text','2009-04-24T00:00:00.000',3914337467,3914337467);
INSERT INTO PictureComment VALUES(3422014062,'Some text','2003-05-06T00:00:00.000',2421398447,2421398447);
INSERT INTO PictureComment VALUES(3485494700,'Some text','2010-12-02T00:00:00.000',2942697196,2942697196);
INSERT INTO PictureComment VALUES(3508969134,'Some text','2001-06-23T00:00:00.000',1199855336,1199855336);
INSERT INTO PictureComment VALUES(3554613314,'Some text','2001-07-09T00:00:00.000',14896042,14896042);
INSERT INTO PictureComment VALUES(3649766410,'Some text','2017-03-09T00:00:00.000',2138225608,2138225608);
INSERT INTO PictureComment VALUES(3670170567,'Some text','2015-08-16T23:00:00.000',4172279659,4172279659);
INSERT INTO PictureComment VALUES(3758121368,'Some text','2003-09-04T00:00:00.000',4228710617,4228710617);
INSERT INTO PictureComment VALUES(3773033708,'Some text','2009-09-16T00:00:00.000',305217437,305217437);
INSERT INTO PictureComment VALUES(3809842136,'Some text','2004-05-13T00:00:00.000',3722024246,3722024246);
INSERT INTO PictureComment VALUES(3827919926,'Some text','2016-04-22T23:00:00.000',3925432538,3925432538);
INSERT INTO PictureComment VALUES(3841234499,'Some text','2011-08-18T00:00:00.000',3722024246,3722024246);
INSERT INTO PictureComment VALUES(3891868306,'Some text','2001-10-23T00:00:00.000',496256844,496256844);
INSERT INTO PictureComment VALUES(3929145016,'Some text','2016-05-15T23:00:00.000',146975828,146975828);
INSERT INTO PictureComment VALUES(3944418321,'Some text','2011-06-01T23:00:00.000',305217437,305217437);
INSERT INTO PictureComment VALUES(3974847210,'Some text','2015-10-15T23:00:00.000',1872377509,1872377509);
INSERT INTO PictureComment VALUES(3976708195,'Some text','2008-09-24T00:00:00.000',3083697524,3083697524);
INSERT INTO PictureComment VALUES(3981709864,'Some text','2011-07-10T23:00:00.000',3722024246,3722024246);
INSERT INTO PictureComment VALUES(3985613038,'Some text','2001-03-19T00:00:00.000',2942697196,2942697196);
INSERT INTO PictureComment VALUES(4066456216,'Some text','2014-01-15T00:00:00.000',1199855336,1199855336);
INSERT INTO PictureComment VALUES(4081780256,'Some text','2002-06-06T00:00:00.000',1992200165,1992200165);
INSERT INTO PictureComment VALUES(4114040101,'Some text','2017-10-21T23:00:00.000',1015747121,1015747121);
INSERT INTO PictureComment VALUES(4161186170,'Some text','2014-03-06T00:00:00.000',1872377509,1872377509);
INSERT INTO PictureComment VALUES(4184454460,'Some text','2013-02-15T00:00:00.000',541412362,541412362);
INSERT INTO PictureComment VALUES(4199227201,'Some text','2007-11-08T00:00:00.000',2046360401,2046360401);
INSERT INTO PictureComment VALUES(4287189764,'Some text','2015-12-01T00:00:00.000',1199855336,1199855336);

# Insert Random Tags for Picures.

INSERT INTO PictureTag VALUES('anx',3874390684);
INSERT INTO PictureTag VALUES('anz',373303537);
INSERT INTO PictureTag VALUES('bmy',1133854675);
INSERT INTO PictureTag VALUES('cmx',2279710148);
INSERT INTO PictureTag VALUES('cmy',152205838);
INSERT INTO PictureTag VALUES('bqx',965446537);
INSERT INTO PictureTag VALUES('amz',1724049224);
INSERT INTO PictureTag VALUES('cqy',1946740573);
INSERT INTO PictureTag VALUES('amx',755906459);
INSERT INTO PictureTag VALUES('amz',4088751496);
INSERT INTO PictureTag VALUES('bmy',4010299825);
INSERT INTO PictureTag VALUES('bmy',701883307);
INSERT INTO PictureTag VALUES('bnx',898700380);
INSERT INTO PictureTag VALUES('amz',128279555);
INSERT INTO PictureTag VALUES('aqy',940091472);
INSERT INTO PictureTag VALUES('bmx',3114177479);
INSERT INTO PictureTag VALUES('amy',200364380);
INSERT INTO PictureTag VALUES('bnz',1783325062);
INSERT INTO PictureTag VALUES('amx',3672437283);
INSERT INTO PictureTag VALUES('aqy',1670526502);
INSERT INTO PictureTag VALUES('any',1497555616);
INSERT INTO PictureTag VALUES('aqx',4095918941);
INSERT INTO PictureTag VALUES('anx',2736125678);
INSERT INTO PictureTag VALUES('cmz',4290612094);
INSERT INTO PictureTag VALUES('cnx',1095498383);
INSERT INTO PictureTag VALUES('bny',3687800450);
INSERT INTO PictureTag VALUES('bnz',3512587071);
INSERT INTO PictureTag VALUES('cnx',1001866553);
INSERT INTO PictureTag VALUES('cnz',3337616560);
INSERT INTO PictureTag VALUES('bqz',1208972366);
INSERT INTO PictureTag VALUES('amz',642306705);
INSERT INTO PictureTag VALUES('cnx',3060760427);
INSERT INTO PictureTag VALUES('aqy',2315066661);
INSERT INTO PictureTag VALUES('bmy',3592281346);
INSERT INTO PictureTag VALUES('amz',496029085);
INSERT INTO PictureTag VALUES('aqx',2397007341);
INSERT INTO PictureTag VALUES('bmx',1065000115);
INSERT INTO PictureTag VALUES('aqx',3147117593);
INSERT INTO PictureTag VALUES('bqy',510638594);
INSERT INTO PictureTag VALUES('any',2681571357);
INSERT INTO PictureTag VALUES('cmy',3932914999);
INSERT INTO PictureTag VALUES('bmx',1369907957);
INSERT INTO PictureTag VALUES('bmz',3781542961);
INSERT INTO PictureTag VALUES('bmy',3866178256);
INSERT INTO PictureTag VALUES('anx',3775912056);
INSERT INTO PictureTag VALUES('cny',1655460470);
INSERT INTO PictureTag VALUES('bqx',2594328709);
INSERT INTO PictureTag VALUES('cmy',3565470715);
INSERT INTO PictureTag VALUES('bnz',3251645525);
INSERT INTO PictureTag VALUES('cmy',3501169693);
INSERT INTO PictureTag VALUES('aqz',3075704251);
INSERT INTO PictureTag VALUES('cmy',2118584137);
INSERT INTO PictureTag VALUES('bnz',2511561226);
INSERT INTO PictureTag VALUES('cqx',2011404951);
INSERT INTO PictureTag VALUES('cqz',3848821883);
INSERT INTO PictureTag VALUES('amz',1037681066);
INSERT INTO PictureTag VALUES('bnz',2769321523);
INSERT INTO PictureTag VALUES('aqx',3096287733);
INSERT INTO PictureTag VALUES('bny',2709777460);
INSERT INTO PictureTag VALUES('cmy',4134422137);
INSERT INTO PictureTag VALUES('bqy',498084974);
INSERT INTO PictureTag VALUES('amx',3362433392);
INSERT INTO PictureTag VALUES('aqx',837331276);
INSERT INTO PictureTag VALUES('cnx',220794743);
INSERT INTO PictureTag VALUES('amy',1733285415);
INSERT INTO PictureTag VALUES('aqy',1679849662);
INSERT INTO PictureTag VALUES('bnx',579385908);
INSERT INTO PictureTag VALUES('bnz',3714876949);
INSERT INTO PictureTag VALUES('cmx',833504595);
INSERT INTO PictureTag VALUES('cqx',1934737834);
INSERT INTO PictureTag VALUES('cmy',1673022683);
INSERT INTO PictureTag VALUES('aqx',666407999);
INSERT INTO PictureTag VALUES('amx',1584080515);
INSERT INTO PictureTag VALUES('cnz',2477550660);
INSERT INTO PictureTag VALUES('amy',1760285770);
INSERT INTO PictureTag VALUES('cqz',2613676227);
INSERT INTO PictureTag VALUES('aqy',3085765717);
INSERT INTO PictureTag VALUES('bny',3178613005);
INSERT INTO PictureTag VALUES('anz',3318828464);
INSERT INTO PictureTag VALUES('bnz',407949662);
INSERT INTO PictureTag VALUES('any',2891144222);
INSERT INTO PictureTag VALUES('bnx',611958002);
INSERT INTO PictureTag VALUES('amz',164000832);
INSERT INTO PictureTag VALUES('bmz',2197057811);
INSERT INTO PictureTag VALUES('bnx',4159717922);
INSERT INTO PictureTag VALUES('bnz',3746407218);
INSERT INTO PictureTag VALUES('amy',2524132277);
INSERT INTO PictureTag VALUES('amy',991293923);
INSERT INTO PictureTag VALUES('cny',2167891780);
INSERT INTO PictureTag VALUES('cmx',1681520096);
INSERT INTO PictureTag VALUES('aqx',348031180);
INSERT INTO PictureTag VALUES('cqy',2476938600);
INSERT INTO PictureTag VALUES('bny',3031590356);
INSERT INTO PictureTag VALUES('amy',1379794363);
INSERT INTO PictureTag VALUES('cqx',2025188438);
INSERT INTO PictureTag VALUES('cqy',2472894942);
INSERT INTO PictureTag VALUES('amy',2732725486);
INSERT INTO PictureTag VALUES('aqx',265747276);
INSERT INTO PictureTag VALUES('cmx',8479186);
INSERT INTO PictureTag VALUES('bqz',3153578802);
