# Add Random Users.

INSERT INTO User VALUES(84285245,'Nancee84285245','Baiss','Nancee','NanceeBaiss@somewhere.com','0000');
INSERT INTO User VALUES(107623878,'Tierney107623878','Burroughs','Tierney','TierneyBurroughs@somewhere.com','0000');
INSERT INTO User VALUES(167902091,'Mufinella167902091','Gaither','Mufinella','MufinellaGaither@somewhere.com','0000');
INSERT INTO User VALUES(316003206,'Jennee316003206','Kinsler','Jennee','JenneeKinsler@somewhere.com','0000');
INSERT INTO User VALUES(351043187,'Rebeca351043187','Anabelle','Rebeca','RebecaAnabelle@somewhere.com','0000');
INSERT INTO User VALUES(549189664,'Caterina549189664','Dulsea','Caterina','CaterinaDulsea@somewhere.com','0000');
INSERT INTO User VALUES(584748040,'Sandi584748040','Solana','Sandi','SandiSolana@somewhere.com','0000');
INSERT INTO User VALUES(780763916,'Eimile780763916','Culosio','Eimile','EimileCulosio@somewhere.com','0000');
INSERT INTO User VALUES(783433412,'Claresta783433412','Neu','Claresta','ClarestaNeu@somewhere.com','0000');
INSERT INTO User VALUES(888351607,'Elyssa888351607','Sherilyn','Elyssa','ElyssaSherilyn@somewhere.com','0000');
INSERT INTO User VALUES(926516929,'Laurianne926516929','Kovar','Laurianne','LaurianneKovar@somewhere.com','0000');
INSERT INTO User VALUES(996395111,'Cloris996395111','Melva','Cloris','ClorisMelva@somewhere.com','0000');
INSERT INTO User VALUES(1065175723,'Tawnya1065175723','Trevar','Tawnya','TawnyaTrevar@somewhere.com','0000');
INSERT INTO User VALUES(1067917758,'Stace1067917758','Millburn','Stace','StaceMillburn@somewhere.com','0000');
INSERT INTO User VALUES(1081345422,'Guendolen1081345422','Petey','Guendolen','GuendolenPetey@somewhere.com','0000');
INSERT INTO User VALUES(1118462649,'Jenilee1118462649','Thenna','Jenilee','JenileeThenna@somewhere.com','0000');
INSERT INTO User VALUES(1129333254,'Janessa1129333254','Bradlee','Janessa','JanessaBradlee@somewhere.com','0000');
INSERT INTO User VALUES(1198964487,'Cthrine1198964487','Norah','Cthrine','CthrineNorah@somewhere.com','0000');
INSERT INTO User VALUES(1387351565,'Tomi1387351565','Donetta','Tomi','TomiDonetta@somewhere.com','0000');
INSERT INTO User VALUES(1666179158,'Gertrudis1666179158','Cathey','Gertrudis','GertrudisCathey@somewhere.com','0000');
INSERT INTO User VALUES(1684745230,'Nita1684745230','Sekyere','Nita','NitaSekyere@somewhere.com','0000');
INSERT INTO User VALUES(1688321011,'Mariejeanne1688321011','Meier','Mariejeanne','MariejeanneMeier@somewhere.com','0000');
INSERT INTO User VALUES(1715155146,'Stafani1715155146','Harv','Stafani','StafaniHarv@somewhere.com','0000');
INSERT INTO User VALUES(1782917975,'Missie1782917975','Linnell','Missie','MissieLinnell@somewhere.com','0000');
INSERT INTO User VALUES(1885545082,'Sile1885545082','Marela','Sile','SileMarela@somewhere.com','0000');
INSERT INTO User VALUES(1898614353,'Berna1898614353','Highams','Berna','BernaHighams@somewhere.com','0000');
INSERT INTO User VALUES(1904325008,'Hedda1904325008','Lambert','Hedda','HeddaLambert@somewhere.com','0000');
INSERT INTO User VALUES(1906624511,'Mozelle1906624511','Margetts','Mozelle','MozelleMargetts@somewhere.com','0000');
INSERT INTO User VALUES(2000833277,'Estel2000833277','Folly','Estel','EstelFolly@somewhere.com','0000');
INSERT INTO User VALUES(2242696951,'Melesa2242696951','Jonell','Melesa','MelesaJonell@somewhere.com','0000');
INSERT INTO User VALUES(2315217681,'Cornelle2315217681','Bodi','Cornelle','CornelleBodi@somewhere.com','0000');
INSERT INTO User VALUES(2393969260,'Viv2393969260','Tanberg','Viv','VivTanberg@somewhere.com','0000');
INSERT INTO User VALUES(2642754267,'Aarika2642754267','Katsuyama','Aarika','AarikaKatsuyama@somewhere.com','0000');
INSERT INTO User VALUES(2770905650,'Rayna2770905650','VanHook','Rayna','RaynaVanHook@somewhere.com','0000');
INSERT INTO User VALUES(2803731881,'Nanete2803731881','Nomi','Nanete','NaneteNomi@somewhere.com','0000');
INSERT INTO User VALUES(2824378325,'Octavia2824378325','Trevar','Octavia','OctaviaTrevar@somewhere.com','0000');
INSERT INTO User VALUES(2835141675,'Zarla2835141675','Zohara','Zarla','ZarlaZohara@somewhere.com','0000');
INSERT INTO User VALUES(2850529309,'Iolande2850529309','Starkey','Iolande','IolandeStarkey@somewhere.com','0000');
INSERT INTO User VALUES(2948773646,'Chiquita2948773646','Conchita','Chiquita','ChiquitaConchita@somewhere.com','0000');
INSERT INTO User VALUES(3302309314,'Annis3302309314','Sanchez','Annis','AnnisSanchez@somewhere.com','0000');
INSERT INTO User VALUES(3383606565,'Tiffanie3383606565','Marina','Tiffanie','TiffanieMarina@somewhere.com','0000');
INSERT INTO User VALUES(3457038839,'Glenine3457038839','Burkhart','Glenine','GlenineBurkhart@somewhere.com','0000');
INSERT INTO User VALUES(3539054848,'Kacie3539054848','Andrew','Kacie','KacieAndrew@somewhere.com','0000');
INSERT INTO User VALUES(3561270074,'Aleece3561270074','Gomer','Aleece','AleeceGomer@somewhere.com','0000');
INSERT INTO User VALUES(3576171707,'Konstance3576171707','Rossie','Konstance','KonstanceRossie@somewhere.com','0000');
INSERT INTO User VALUES(3585644622,'Kittie3585644622','Takeo','Kittie','KittieTakeo@somewhere.com','0000');
INSERT INTO User VALUES(3964122841,'Simona3964122841','Kendra','Simona','SimonaKendra@somewhere.com','0000');
INSERT INTO User VALUES(4143398436,'Genia4143398436','Joiner','Genia','GeniaJoiner@somewhere.com','0000');
INSERT INTO User VALUES(4173176403,'Cheryl4173176403','Emlyn','Cheryl','CherylEmlyn@somewhere.com','0000');
INSERT INTO User VALUES(4232183591,'Abbie4232183591','Pippa','Abbie','AbbiePippa@somewhere.com','0000');

# Insert Random Tags.

INSERT INTO Tag VALUES('amx');
INSERT INTO Tag VALUES('amy');
INSERT INTO Tag VALUES('amz');
INSERT INTO Tag VALUES('anx');
INSERT INTO Tag VALUES('any');
INSERT INTO Tag VALUES('anz');
INSERT INTO Tag VALUES('aqx');
INSERT INTO Tag VALUES('aqy');
INSERT INTO Tag VALUES('aqz');
INSERT INTO Tag VALUES('bmx');
INSERT INTO Tag VALUES('bmy');
INSERT INTO Tag VALUES('bmz');
INSERT INTO Tag VALUES('bnx');
INSERT INTO Tag VALUES('bny');
INSERT INTO Tag VALUES('bnz');
INSERT INTO Tag VALUES('bqx');
INSERT INTO Tag VALUES('bqy');
INSERT INTO Tag VALUES('bqz');
INSERT INTO Tag VALUES('cmx');
INSERT INTO Tag VALUES('cmy');
INSERT INTO Tag VALUES('cmz');
INSERT INTO Tag VALUES('cnx');
INSERT INTO Tag VALUES('cny');
INSERT INTO Tag VALUES('cnz');
INSERT INTO Tag VALUES('cqx');
INSERT INTO Tag VALUES('cqy');
INSERT INTO Tag VALUES('cqz');

# Insert Random Locations.
INSERT INTO Location VALUES(73186979,'4 Derwent Park Cl, Sutton upon Derwent, York YO41 4BQ, UK');
INSERT INTO Location VALUES(82410537,'Unnamed Road, United Kingdom');
INSERT INTO Location VALUES(193596307,'1-4 2, Torrin, Isle of Skye IV49 9BA, UK');
INSERT INTO Location VALUES(321499314,'9 Glenview, Menstrie FK11 7HW, UK');
INSERT INTO Location VALUES(371392292,'28 River Bank, London N21 2AB, UK');
INSERT INTO Location VALUES(457222714,'2 Harcourt Cl, Norwich NR3 1NJ, UK');
INSERT INTO Location VALUES(530892203,'43 Essex Rd, London E10 6HF, UK');
INSERT INTO Location VALUES(531029917,'Limekiln Ln, Ripon HG4 4BT, UK');
INSERT INTO Location VALUES(625090099,'38 Factory Ln, Croydon CR0 3RL, UK');
INSERT INTO Location VALUES(668874788,'1 St Andrews Gardens, Dalry KA24 4JY, UK');
INSERT INTO Location VALUES(953215237,'2 Harcourt Cl, Norwich NR3 1NJ, UK');
INSERT INTO Location VALUES(1011999513,'Lecht Rd, Strathdon AB36 8YP, UK');
INSERT INTO Location VALUES(1155024692,'7 Redsull Ave, Deal CT14 9HY, UK');
INSERT INTO Location VALUES(1234630125,'16 St Matthew Rd, Dewsbury WF13 2QD, UK');
INSERT INTO Location VALUES(1312024276,'Unnamed Road, Okehampton EX20 2QE, UK');
INSERT INTO Location VALUES(1340770791,'43 Essex Rd, London E10 6HF, UK');
INSERT INTO Location VALUES(1602734369,'1-4 2, Torrin, Isle of Skye IV49 9BA, UK');
INSERT INTO Location VALUES(1656060168,'200 Princess Margaret Rd, East Tilbury, Tilbury RM18 8SB, UK');
INSERT INTO Location VALUES(1726826491,'Unnamed Road, Dalmally PA33 1AR, UK');
INSERT INTO Location VALUES(2036361507,'10 Johnson Cl, Wednesbury WS10 7NS, UK');
INSERT INTO Location VALUES(2252321166,'59 Carlowrie Pl, Gorebridge EH23 4XP, UK');
INSERT INTO Location VALUES(2277507086,'Framwelgate Waterside, Durham DH1, UK');
INSERT INTO Location VALUES(2500135355,'21 Coppice Cl, Droitwich WR9 9JD, UK');
INSERT INTO Location VALUES(2541918452,'15 Merryweather Cl, Bradley Stoke, Bristol BS32 9BN, UK');
INSERT INTO Location VALUES(2627937658,'47 Edgworth Grove, Burnley BB10 4PY, UK');
INSERT INTO Location VALUES(2794248824,'7 Redsull Ave, Deal CT14 9HY, UK');
INSERT INTO Location VALUES(3028878632,'Unnamed Road, Lewes BN8 5BX, UK');
INSERT INTO Location VALUES(3203612089,'Limekiln Ln, Ripon HG4 4BT, UK');
INSERT INTO Location VALUES(3364904684,'7 Devonshire Square, London EC2M 4YH, UK');
INSERT INTO Location VALUES(3365070979,'7-14 Wensleydale Cl, Nottingham NG8 5FY, UK');
INSERT INTO Location VALUES(3480629699,'Unnamed Road, Whitby YO21 2PZ, UK');
INSERT INTO Location VALUES(3481196616,'52 Old Rd, East Peckham, Tonbridge TN12 5EX, UK');
INSERT INTO Location VALUES(3558609176,'35-37 Western Rd, London N2, UK');
INSERT INTO Location VALUES(3574565012,'9 George Terrace, Balfron, Glasgow G63 0PJ, UK');
INSERT INTO Location VALUES(3598021445,'Exmouth Rd, Exeter EX3 0RB, UK');
INSERT INTO Location VALUES(3708290445,'School Rd, Norwich NR12 8YJ, UK');
INSERT INTO Location VALUES(3743306654,'5 Turl St, Oxford OX1 3DQ, UK');
INSERT INTO Location VALUES(3834856967,'41 High St, Stalham, Norwich NR12 9AH, UK');
INSERT INTO Location VALUES(4021669146,'56 Chartwell Ave, Wingerworth, Chesterfield S42 6SP, UK');
INSERT INTO Location VALUES(4180520969,'Framwelgate Waterside, Durham DH1, UK');

# Insert Random Events.

INSERT INTO Event VALUES(527690559,'2000-04-01T00:00:00.000','2000-04-01T00:00:00.000');
INSERT INTO Event VALUES(1026095825,'2009-08-14T23:00:00.000','2009-08-14T23:00:00.000');
INSERT INTO Event VALUES(1310253974,'2007-03-02T00:00:00.000','2007-03-02T00:00:00.000');
INSERT INTO Event VALUES(1607101410,'2006-09-13T00:00:00.000','2006-09-13T00:00:00.000');
INSERT INTO Event VALUES(1800575508,'2011-09-17T00:00:00.000','2011-09-17T00:00:00.000');
INSERT INTO Event VALUES(1949136967,'2004-10-01T00:00:00.000','2004-10-01T00:00:00.000');
INSERT INTO Event VALUES(2152874035,'2009-11-05T00:00:00.000','2009-11-05T00:00:00.000');
INSERT INTO Event VALUES(2567174510,'2015-07-02T00:00:00.000','2015-07-02T00:00:00.000');
INSERT INTO Event VALUES(2989736489,'2009-12-15T00:00:00.000','2009-12-15T00:00:00.000');
INSERT INTO Event VALUES(3688264195,'2012-11-03T00:00:00.000','2012-11-03T00:00:00.000');

# Insert Random Pictures.

INSERT INTO Picture VALUES(12362472,'images/12362472',3539054848,NULL,'description goes here',31882,'2015-03-24T00:00:00.000',NULL,NULL,0.4,NULL);
INSERT INTO Picture VALUES(20710880,'images/20710880',3539054848,NULL,'description goes here',25003,'2010-06-01T23:00:00.000',NULL,NULL,7.3,NULL);
INSERT INTO Picture VALUES(46352128,'images/46352128',3539054848,NULL,'description goes here',79523,'2014-09-24T23:00:00.000',NULL,NULL,1.7,NULL);
INSERT INTO Picture VALUES(63974866,'images/63974866',3539054848,NULL,'description goes here',32494,'2000-10-07T00:00:00.000',NULL,NULL,4.2,NULL);
INSERT INTO Picture VALUES(67101270,'images/67101270',3539054848,NULL,'description goes here',35805,'2001-04-02T00:00:00.000',NULL,NULL,4.2,NULL);
INSERT INTO Picture VALUES(75769957,'images/75769957',3539054848,NULL,'description goes here',83327,'2004-08-24T00:00:00.000',NULL,NULL,2.8,NULL);
INSERT INTO Picture VALUES(141581871,'images/141581871',3539054848,NULL,'description goes here',51981,'2016-06-08T00:00:00.000',NULL,NULL,2.5,NULL);
INSERT INTO Picture VALUES(147796452,'images/147796452',3539054848,NULL,'description goes here',9060,'2001-09-07T00:00:00.000',NULL,NULL,5.6,NULL);
INSERT INTO Picture VALUES(158741204,'images/158741204',3539054848,NULL,'description goes here',92564,'2012-01-22T00:00:00.000',NULL,NULL,1.7,NULL);
INSERT INTO Picture VALUES(229230609,'images/229230609',3539054848,NULL,'description goes here',85656,'2012-09-14T23:00:00.000',NULL,NULL,2.9,NULL);
INSERT INTO Picture VALUES(316055878,'images/316055878',3539054848,NULL,'description goes here',42724,'2007-10-05T00:00:00.000',NULL,NULL,1.0,NULL);
INSERT INTO Picture VALUES(325598731,'images/325598731',3539054848,NULL,'description goes here',59815,'2002-09-01T00:00:00.000',NULL,NULL,8.4,NULL);
INSERT INTO Picture VALUES(336598772,'images/336598772',3539054848,NULL,'description goes here',4006,'2007-07-22T00:00:00.000',NULL,NULL,9.4,NULL);
INSERT INTO Picture VALUES(353449301,'images/353449301',3539054848,NULL,'description goes here',96410,'2012-03-24T00:00:00.000',NULL,NULL,0.5,NULL);
INSERT INTO Picture VALUES(449108066,'images/449108066',3539054848,NULL,'description goes here',94050,'2010-11-01T00:00:00.000',NULL,NULL,2.0,NULL);
INSERT INTO Picture VALUES(474926373,'images/474926373',3539054848,NULL,'description goes here',94255,'2017-10-19T23:00:00.000',NULL,NULL,2.9,NULL);
INSERT INTO Picture VALUES(498948341,'images/498948341',3539054848,NULL,'description goes here',52687,'2017-02-07T00:00:00.000',NULL,NULL,8.5,NULL);
INSERT INTO Picture VALUES(585722003,'images/585722003',3539054848,NULL,'description goes here',98782,'2012-06-11T23:00:00.000',NULL,NULL,5.6,NULL);
INSERT INTO Picture VALUES(673366768,'images/673366768',3539054848,NULL,'description goes here',73954,'2006-04-06T00:00:00.000',NULL,NULL,1.7,NULL);
INSERT INTO Picture VALUES(707958263,'images/707958263',3539054848,NULL,'description goes here',4867,'2010-12-16T00:00:00.000',NULL,NULL,5.7,NULL);
INSERT INTO Picture VALUES(709762055,'images/709762055',3539054848,NULL,'description goes here',86160,'2011-02-06T00:00:00.000',NULL,NULL,2.2,NULL);
INSERT INTO Picture VALUES(727735672,'images/727735672',3539054848,NULL,'description goes here',63851,'2000-07-21T00:00:00.000',NULL,NULL,7.6,NULL);
INSERT INTO Picture VALUES(758287113,'images/758287113',3539054848,NULL,'description goes here',64134,'2001-12-22T00:00:00.000',NULL,NULL,3.7,NULL);
INSERT INTO Picture VALUES(761975491,'images/761975491',3539054848,NULL,'description goes here',37028,'2005-03-15T00:00:00.000',NULL,NULL,8.8,NULL);
INSERT INTO Picture VALUES(845300748,'images/845300748',3539054848,NULL,'description goes here',53873,'2008-03-05T00:00:00.000',NULL,NULL,9.3,NULL);
INSERT INTO Picture VALUES(906698476,'images/906698476',3539054848,NULL,'description goes here',67390,'2017-12-15T00:00:00.000',NULL,NULL,8.5,NULL);
INSERT INTO Picture VALUES(962287561,'images/962287561',3539054848,NULL,'description goes here',50506,'2012-06-14T23:00:00.000',NULL,NULL,9.8,NULL);
INSERT INTO Picture VALUES(970736351,'images/970736351',3539054848,NULL,'description goes here',66754,'2007-07-23T00:00:00.000',NULL,NULL,1.1,NULL);
INSERT INTO Picture VALUES(1000151953,'images/1000151953',3539054848,NULL,'description goes here',19968,'2002-06-11T00:00:00.000',NULL,NULL,1.8,NULL);
INSERT INTO Picture VALUES(1000818193,'images/1000818193',3539054848,NULL,'description goes here',3229,'2006-08-01T00:00:00.000',NULL,NULL,0.9,NULL);
INSERT INTO Picture VALUES(1030771910,'images/1030771910',3539054848,NULL,'description goes here',51735,'2001-10-04T00:00:00.000',NULL,NULL,8.3,NULL);
INSERT INTO Picture VALUES(1074968783,'images/1074968783',3539054848,NULL,'description goes here',95713,'2016-05-23T23:00:00.000',NULL,NULL,6.6,NULL);
INSERT INTO Picture VALUES(1111711143,'images/1111711143',3539054848,NULL,'description goes here',59199,'2001-08-16T00:00:00.000',NULL,NULL,7.9,NULL);
INSERT INTO Picture VALUES(1193704937,'images/1193704937',3539054848,NULL,'description goes here',22861,'2005-09-20T00:00:00.000',NULL,NULL,3.4,NULL);
INSERT INTO Picture VALUES(1239975603,'images/1239975603',3539054848,NULL,'description goes here',12177,'2016-05-13T23:00:00.000',NULL,NULL,2.8,NULL);
INSERT INTO Picture VALUES(1248244322,'images/1248244322',3539054848,NULL,'description goes here',86678,'2016-06-16T00:00:00.000',NULL,NULL,8.5,NULL);
INSERT INTO Picture VALUES(1260916061,'images/1260916061',3539054848,NULL,'description goes here',67666,'2006-07-19T00:00:00.000',NULL,NULL,2.5,NULL);
INSERT INTO Picture VALUES(1281906248,'images/1281906248',3539054848,NULL,'description goes here',86406,'2014-02-11T00:00:00.000',NULL,NULL,4.0,NULL);
INSERT INTO Picture VALUES(1329615293,'images/1329615293',3539054848,NULL,'description goes here',2148,'2008-01-14T00:00:00.000',NULL,NULL,9.8,NULL);
INSERT INTO Picture VALUES(1444532076,'images/1444532076',3539054848,NULL,'description goes here',42807,'2006-11-06T00:00:00.000',NULL,NULL,1.0,NULL);
INSERT INTO Picture VALUES(1491685413,'images/1491685413',3539054848,NULL,'description goes here',18850,'2013-03-20T00:00:00.000',NULL,NULL,6.9,NULL);
INSERT INTO Picture VALUES(1538162538,'images/1538162538',3539054848,NULL,'description goes here',37316,'2010-08-01T23:00:00.000',NULL,NULL,1.1,NULL);
INSERT INTO Picture VALUES(1540309997,'images/1540309997',3539054848,NULL,'description goes here',29394,'2002-08-14T00:00:00.000',NULL,NULL,3.8,NULL);
INSERT INTO Picture VALUES(1602484037,'images/1602484037',3539054848,NULL,'description goes here',66810,'2015-07-17T00:00:00.000',NULL,NULL,3.8,NULL);
INSERT INTO Picture VALUES(1634101477,'images/1634101477',3539054848,NULL,'description goes here',14320,'2013-06-15T23:00:00.000',NULL,NULL,2.9,NULL);
INSERT INTO Picture VALUES(1737038283,'images/1737038283',3539054848,NULL,'description goes here',21298,'2003-02-03T00:00:00.000',NULL,NULL,1.6,NULL);
INSERT INTO Picture VALUES(1768487245,'images/1768487245',3539054848,NULL,'description goes here',19591,'2010-05-12T23:00:00.000',NULL,NULL,1.5,NULL);
INSERT INTO Picture VALUES(1770970093,'images/1770970093',3539054848,NULL,'description goes here',64087,'2002-04-06T00:00:00.000',NULL,NULL,1.7,NULL);
INSERT INTO Picture VALUES(1782137726,'images/1782137726',3539054848,NULL,'description goes here',50129,'2009-07-18T23:00:00.000',NULL,NULL,1.0,NULL);
INSERT INTO Picture VALUES(1815978859,'images/1815978859',3539054848,NULL,'description goes here',30612,'2003-05-06T00:00:00.000',NULL,NULL,6.0,NULL);
INSERT INTO Picture VALUES(1838624166,'images/1838624166',3539054848,NULL,'description goes here',16771,'2011-04-04T23:00:00.000',NULL,NULL,6.3,NULL);
INSERT INTO Picture VALUES(1876532519,'images/1876532519',3539054848,NULL,'description goes here',83229,'2006-06-03T00:00:00.000',NULL,NULL,6.1,NULL);
INSERT INTO Picture VALUES(1888552528,'images/1888552528',3539054848,NULL,'description goes here',49815,'2006-10-14T00:00:00.000',NULL,NULL,2.6,NULL);
INSERT INTO Picture VALUES(1959456388,'images/1959456388',3539054848,NULL,'description goes here',76918,'2002-04-23T00:00:00.000',NULL,NULL,6.6,NULL);
INSERT INTO Picture VALUES(2053522486,'images/2053522486',3539054848,NULL,'description goes here',66957,'2012-12-11T00:00:00.000',NULL,NULL,4.9,NULL);
INSERT INTO Picture VALUES(2103875157,'images/2103875157',3539054848,NULL,'description goes here',6350,'2014-01-07T00:00:00.000',NULL,NULL,1.9,NULL);
INSERT INTO Picture VALUES(2157057106,'images/2157057106',3539054848,NULL,'description goes here',57496,'2002-05-22T00:00:00.000',NULL,NULL,3.0,NULL);
INSERT INTO Picture VALUES(2175845049,'images/2175845049',3539054848,NULL,'description goes here',27955,'2017-11-01T00:00:00.000',NULL,NULL,4.1,NULL);
INSERT INTO Picture VALUES(2186678417,'images/2186678417',3539054848,NULL,'description goes here',22071,'2003-06-07T00:00:00.000',NULL,NULL,0.6,NULL);
INSERT INTO Picture VALUES(2199235128,'images/2199235128',3539054848,NULL,'description goes here',13793,'2000-11-22T00:00:00.000',NULL,NULL,4.6,NULL);
INSERT INTO Picture VALUES(2358067721,'images/2358067721',3539054848,NULL,'description goes here',22511,'2004-12-22T00:00:00.000',NULL,NULL,0.9,NULL);
INSERT INTO Picture VALUES(2428162097,'images/2428162097',3539054848,NULL,'description goes here',29055,'2015-09-01T23:00:00.000',NULL,NULL,2.3,NULL);
INSERT INTO Picture VALUES(2428457939,'images/2428457939',3539054848,NULL,'description goes here',95153,'2015-12-20T00:00:00.000',NULL,NULL,2.5,NULL);
INSERT INTO Picture VALUES(2494146549,'images/2494146549',3539054848,NULL,'description goes here',82720,'2009-10-21T00:00:00.000',NULL,NULL,5.9,NULL);
INSERT INTO Picture VALUES(2533955367,'images/2533955367',3539054848,NULL,'description goes here',84541,'2010-05-07T23:00:00.000',NULL,NULL,0.8,NULL);
INSERT INTO Picture VALUES(2563350118,'images/2563350118',3539054848,NULL,'description goes here',95622,'2000-12-04T00:00:00.000',NULL,NULL,2.3,NULL);
INSERT INTO Picture VALUES(2587018110,'images/2587018110',3539054848,NULL,'description goes here',49055,'2010-07-23T23:00:00.000',NULL,NULL,0.9,NULL);
INSERT INTO Picture VALUES(2607042844,'images/2607042844',3539054848,NULL,'description goes here',19025,'2012-01-23T00:00:00.000',NULL,NULL,6.8,NULL);
INSERT INTO Picture VALUES(2622854164,'images/2622854164',3539054848,NULL,'description goes here',85634,'2002-05-18T00:00:00.000',NULL,NULL,0.9,NULL);
INSERT INTO Picture VALUES(2750329106,'images/2750329106',3539054848,NULL,'description goes here',60477,'2010-11-13T00:00:00.000',NULL,NULL,5.6,NULL);
INSERT INTO Picture VALUES(2804117141,'images/2804117141',3539054848,NULL,'description goes here',75095,'2011-10-08T00:00:00.000',NULL,NULL,5.1,NULL);
INSERT INTO Picture VALUES(2926137955,'images/2926137955',3539054848,NULL,'description goes here',8081,'2000-09-10T00:00:00.000',NULL,NULL,0.1,NULL);
INSERT INTO Picture VALUES(2942831436,'images/2942831436',3539054848,NULL,'description goes here',59362,'2008-02-01T00:00:00.000',NULL,NULL,7.7,NULL);
INSERT INTO Picture VALUES(3077456892,'images/3077456892',3539054848,NULL,'description goes here',99533,'2010-01-05T00:00:00.000',NULL,NULL,1.3,NULL);
INSERT INTO Picture VALUES(3189696591,'images/3189696591',3539054848,NULL,'description goes here',16026,'2004-04-14T00:00:00.000',NULL,NULL,3.5,NULL);
INSERT INTO Picture VALUES(3195023347,'images/3195023347',3539054848,NULL,'description goes here',24986,'2005-12-18T00:00:00.000',NULL,NULL,9.3,NULL);
INSERT INTO Picture VALUES(3195787738,'images/3195787738',3539054848,NULL,'description goes here',79106,'2005-09-22T00:00:00.000',NULL,NULL,2.0,NULL);
INSERT INTO Picture VALUES(3232015271,'images/3232015271',3539054848,NULL,'description goes here',2425,'2016-05-19T23:00:00.000',NULL,NULL,4.9,NULL);
INSERT INTO Picture VALUES(3236881399,'images/3236881399',3539054848,NULL,'description goes here',55368,'2012-08-15T00:00:00.000',NULL,NULL,4.3,NULL);
INSERT INTO Picture VALUES(3274086140,'images/3274086140',3539054848,NULL,'description goes here',6732,'2013-08-22T23:00:00.000',NULL,NULL,0.2,NULL);
INSERT INTO Picture VALUES(3337544629,'images/3337544629',3539054848,NULL,'description goes here',69021,'2001-03-05T00:00:00.000',NULL,NULL,0.4,NULL);
INSERT INTO Picture VALUES(3399653237,'images/3399653237',3539054848,NULL,'description goes here',55007,'2010-02-15T00:00:00.000',NULL,NULL,1.7,NULL);
INSERT INTO Picture VALUES(3416131260,'images/3416131260',3539054848,NULL,'description goes here',5423,'2016-11-22T00:00:00.000',NULL,NULL,9.1,NULL);
INSERT INTO Picture VALUES(3419285330,'images/3419285330',3539054848,NULL,'description goes here',92573,'2002-10-25T00:00:00.000',NULL,NULL,6.5,NULL);
INSERT INTO Picture VALUES(3420024061,'images/3420024061',3539054848,NULL,'description goes here',22196,'2011-12-15T00:00:00.000',NULL,NULL,6.3,NULL);
INSERT INTO Picture VALUES(3427910767,'images/3427910767',3539054848,NULL,'description goes here',57359,'2001-01-12T00:00:00.000',NULL,NULL,5.3,NULL);
INSERT INTO Picture VALUES(3459109857,'images/3459109857',3539054848,NULL,'description goes here',11548,'2006-08-19T00:00:00.000',NULL,NULL,0.8,NULL);
INSERT INTO Picture VALUES(3480685651,'images/3480685651',3539054848,NULL,'description goes here',76625,'2007-03-23T00:00:00.000',NULL,NULL,8.7,NULL);
INSERT INTO Picture VALUES(3546830921,'images/3546830921',3539054848,NULL,'description goes here',54698,'2011-08-08T00:00:00.000',NULL,NULL,7.3,NULL);
INSERT INTO Picture VALUES(3653717865,'images/3653717865',3539054848,NULL,'description goes here',13805,'2001-12-21T00:00:00.000',NULL,NULL,9.4,NULL);
INSERT INTO Picture VALUES(3721696454,'images/3721696454',3539054848,NULL,'description goes here',83753,'2016-09-10T23:00:00.000',NULL,NULL,1.7,NULL);
INSERT INTO Picture VALUES(3792466080,'images/3792466080',3539054848,NULL,'description goes here',92550,'2016-04-01T23:00:00.000',NULL,NULL,8.5,NULL);
INSERT INTO Picture VALUES(3844634849,'images/3844634849',3539054848,NULL,'description goes here',23130,'2001-07-24T00:00:00.000',NULL,NULL,0.2,NULL);
INSERT INTO Picture VALUES(3869239840,'images/3869239840',3539054848,NULL,'description goes here',13370,'2008-02-11T00:00:00.000',NULL,NULL,0.6,NULL);
INSERT INTO Picture VALUES(4072982378,'images/4072982378',3539054848,NULL,'description goes here',96644,'2013-10-09T23:00:00.000',NULL,NULL,6.4,NULL);
INSERT INTO Picture VALUES(4104078543,'images/4104078543',3539054848,NULL,'description goes here',90954,'2009-10-08T00:00:00.000',NULL,NULL,7.6,NULL);
INSERT INTO Picture VALUES(4122378036,'images/4122378036',3539054848,NULL,'description goes here',81404,'2011-08-12T00:00:00.000',NULL,NULL,8.9,NULL);
INSERT INTO Picture VALUES(4189597859,'images/4189597859',3539054848,NULL,'description goes here',64626,'2015-07-21T23:00:00.000',NULL,NULL,6.9,NULL);
INSERT INTO Picture VALUES(4212677266,'images/4212677266',3539054848,NULL,'description goes here',98723,'2005-05-11T00:00:00.000',NULL,NULL,8.7,NULL);
INSERT INTO Picture VALUES(4274638883,'images/4274638883',3539054848,NULL,'description goes here',43025,'2012-02-23T00:00:00.000',NULL,NULL,1.7,NULL);

# Insert Random Picture Ratings.

INSERT INTO PictureRating VALUES(2242696951,3274086140,2);
INSERT INTO PictureRating VALUES(1688321011,1000151953,3);
INSERT INTO PictureRating VALUES(1684745230,2750329106,1);
INSERT INTO PictureRating VALUES(1782917975,158741204,3);
INSERT INTO PictureRating VALUES(1666179158,970736351,5);
INSERT INTO PictureRating VALUES(996395111,1030771910,4);
INSERT INTO PictureRating VALUES(1081345422,1444532076,1);
INSERT INTO PictureRating VALUES(3964122841,4274638883,2);
INSERT INTO PictureRating VALUES(3576171707,2587018110,5);
INSERT INTO PictureRating VALUES(3964122841,4189597859,3);
INSERT INTO PictureRating VALUES(996395111,2494146549,3);
INSERT INTO PictureRating VALUES(1118462649,3459109857,2);
INSERT INTO PictureRating VALUES(1782917975,1888552528,3);
INSERT INTO PictureRating VALUES(2315217681,1281906248,3);
INSERT INTO PictureRating VALUES(783433412,2926137955,1);
INSERT INTO PictureRating VALUES(2948773646,758287113,5);
INSERT INTO PictureRating VALUES(584748040,1888552528,3);
INSERT INTO PictureRating VALUES(2850529309,75769957,1);
INSERT INTO PictureRating VALUES(3539054848,1491685413,5);
INSERT INTO PictureRating VALUES(3561270074,3189696591,2);
INSERT INTO PictureRating VALUES(1904325008,141581871,4);
INSERT INTO PictureRating VALUES(783433412,158741204,4);
INSERT INTO PictureRating VALUES(1688321011,970736351,5);
INSERT INTO PictureRating VALUES(2242696951,3077456892,3);
INSERT INTO PictureRating VALUES(1906624511,4212677266,1);
INSERT INTO PictureRating VALUES(926516929,2428457939,5);
INSERT INTO PictureRating VALUES(1715155146,1959456388,2);
INSERT INTO PictureRating VALUES(1118462649,3420024061,4);
INSERT INTO PictureRating VALUES(584748040,1737038283,3);
INSERT INTO PictureRating VALUES(2803731881,1111711143,3);
INSERT INTO PictureRating VALUES(1387351565,3653717865,1);
INSERT INTO PictureRating VALUES(1906624511,585722003,2);
INSERT INTO PictureRating VALUES(2824378325,3416131260,5);
INSERT INTO PictureRating VALUES(1782917975,761975491,3);
INSERT INTO PictureRating VALUES(2835141675,1782137726,3);
INSERT INTO PictureRating VALUES(167902091,2926137955,4);
INSERT INTO PictureRating VALUES(1904325008,761975491,1);
INSERT INTO PictureRating VALUES(3964122841,3792466080,2);
INSERT INTO PictureRating VALUES(2803731881,1540309997,5);
INSERT INTO PictureRating VALUES(1198964487,2750329106,4);
INSERT INTO PictureRating VALUES(1904325008,3480685651,1);
INSERT INTO PictureRating VALUES(1129333254,758287113,5);
INSERT INTO PictureRating VALUES(2850529309,585722003,3);
INSERT INTO PictureRating VALUES(1081345422,474926373,3);
INSERT INTO PictureRating VALUES(4143398436,3399653237,2);
INSERT INTO PictureRating VALUES(1688321011,1815978859,3);
INSERT INTO PictureRating VALUES(1067917758,2358067721,1);
INSERT INTO PictureRating VALUES(3576171707,709762055,3);
INSERT INTO PictureRating VALUES(2850529309,1281906248,2);
INSERT INTO PictureRating VALUES(107623878,158741204,1);
INSERT INTO PictureRating VALUES(1118462649,158741204,3);
INSERT INTO PictureRating VALUES(1081345422,353449301,5);
INSERT INTO PictureRating VALUES(4232183591,845300748,1);
INSERT INTO PictureRating VALUES(351043187,1281906248,3);
INSERT INTO PictureRating VALUES(1782917975,1000151953,3);
INSERT INTO PictureRating VALUES(1782917975,3416131260,2);
INSERT INTO PictureRating VALUES(926516929,1838624166,1);
INSERT INTO PictureRating VALUES(3383606565,2428457939,5);
INSERT INTO PictureRating VALUES(2803731881,3792466080,2);
INSERT INTO PictureRating VALUES(84285245,2804117141,5);
INSERT INTO PictureRating VALUES(780763916,3792466080,3);
INSERT INTO PictureRating VALUES(1898614353,20710880,5);
INSERT INTO PictureRating VALUES(84285245,3546830921,1);
INSERT INTO PictureRating VALUES(1067917758,4212677266,2);
INSERT INTO PictureRating VALUES(1688321011,141581871,3);
INSERT INTO PictureRating VALUES(1684745230,707958263,2);
INSERT INTO PictureRating VALUES(167902091,1959456388,2);
INSERT INTO PictureRating VALUES(167902091,1260916061,1);
INSERT INTO PictureRating VALUES(2242696951,1193704937,1);
INSERT INTO PictureRating VALUES(2770905650,3792466080,1);
INSERT INTO PictureRating VALUES(1387351565,147796452,2);
INSERT INTO PictureRating VALUES(1666179158,3274086140,4);
INSERT INTO PictureRating VALUES(996395111,3274086140,2);
INSERT INTO PictureRating VALUES(84285245,758287113,4);
INSERT INTO PictureRating VALUES(1387351565,707958263,5);
INSERT INTO PictureRating VALUES(1715155146,761975491,4);
INSERT INTO PictureRating VALUES(926516929,962287561,1);
INSERT INTO PictureRating VALUES(926516929,1444532076,3);
INSERT INTO PictureRating VALUES(1782917975,3195787738,5);
INSERT INTO PictureRating VALUES(2824378325,4122378036,2);
INSERT INTO PictureRating VALUES(316003206,4212677266,3);
INSERT INTO PictureRating VALUES(2315217681,3546830921,2);
INSERT INTO PictureRating VALUES(2642754267,3459109857,5);
INSERT INTO PictureRating VALUES(4232183591,141581871,5);
INSERT INTO PictureRating VALUES(3539054848,970736351,4);
INSERT INTO PictureRating VALUES(888351607,1815978859,2);
INSERT INTO PictureRating VALUES(2803731881,316055878,3);
INSERT INTO PictureRating VALUES(2242696951,1030771910,3);
INSERT INTO PictureRating VALUES(351043187,1491685413,2);
INSERT INTO PictureRating VALUES(2242696951,336598772,4);
INSERT INTO PictureRating VALUES(2824378325,3399653237,3);
INSERT INTO PictureRating VALUES(1898614353,4274638883,4);
INSERT INTO PictureRating VALUES(3457038839,962287561,1);
INSERT INTO PictureRating VALUES(4232183591,4189597859,5);
INSERT INTO PictureRating VALUES(84285245,2186678417,2);
INSERT INTO PictureRating VALUES(783433412,1000151953,5);
INSERT INTO PictureRating VALUES(1081345422,1281906248,1);
INSERT INTO PictureRating VALUES(780763916,3195023347,2);
INSERT INTO PictureRating VALUES(3539054848,2186678417,4);

# Insert Picture Comments.

INSERT INTO PictureComment VALUES(48587383,'Some text','2000-05-20T00:00:00.000',3383606565,2157057106);
INSERT INTO PictureComment VALUES(63593559,'Some text','2015-12-08T00:00:00.000',1906624511,2587018110);
INSERT INTO PictureComment VALUES(79596639,'Some text','2012-02-11T00:00:00.000',2000833277,3232015271);
INSERT INTO PictureComment VALUES(189818706,'Some text','2012-10-21T00:00:00.000',1666179158,1959456388);
INSERT INTO PictureComment VALUES(191982858,'Some text','2015-08-19T23:00:00.000',2770905650,3546830921);
INSERT INTO PictureComment VALUES(195779019,'Some text','2009-02-07T00:00:00.000',4143398436,2926137955);
INSERT INTO PictureComment VALUES(284761178,'Some text','2002-07-08T00:00:00.000',4173176403,1888552528);
INSERT INTO PictureComment VALUES(299971439,'Some text','2013-05-09T23:00:00.000',1688321011,2053522486);
INSERT INTO PictureComment VALUES(390683337,'Some text','2008-10-05T00:00:00.000',2948773646,1838624166);
INSERT INTO PictureComment VALUES(435625520,'Some text','2002-03-17T00:00:00.000',1067917758,2622854164);
INSERT INTO PictureComment VALUES(534864831,'Some text','2008-01-02T00:00:00.000',84285245,3232015271);
INSERT INTO PictureComment VALUES(548402953,'Some text','2012-03-22T00:00:00.000',4232183591,2563350118);
INSERT INTO PictureComment VALUES(588935853,'Some text','2007-08-18T00:00:00.000',1688321011,1876532519);
INSERT INTO PictureComment VALUES(679198269,'Some text','2013-01-11T00:00:00.000',3585644622,3195023347);
INSERT INTO PictureComment VALUES(763855464,'Some text','2000-12-13T00:00:00.000',3539054848,1248244322);
INSERT INTO PictureComment VALUES(835180764,'Some text','2010-10-02T00:00:00.000',549189664,46352128);
INSERT INTO PictureComment VALUES(838542771,'Some text','2014-01-25T00:00:00.000',2850529309,707958263);
INSERT INTO PictureComment VALUES(872672589,'Some text','2012-01-17T00:00:00.000',2850529309,3337544629);
INSERT INTO PictureComment VALUES(878538394,'Some text','2000-11-12T00:00:00.000',2770905650,4072982378);
INSERT INTO PictureComment VALUES(1073346327,'Some text','2013-04-23T00:00:00.000',783433412,1000151953);
INSERT INTO PictureComment VALUES(1087944150,'Some text','2005-08-16T00:00:00.000',316003206,2942831436);
INSERT INTO PictureComment VALUES(1195358615,'Some text','2011-11-16T00:00:00.000',316003206,3399653237);
INSERT INTO PictureComment VALUES(1195789832,'Some text','2008-04-12T00:00:00.000',107623878,2587018110);
INSERT INTO PictureComment VALUES(1201393307,'Some text','2012-09-12T23:00:00.000',2948773646,2358067721);
INSERT INTO PictureComment VALUES(1267089739,'Some text','2014-09-30T23:00:00.000',167902091,1782137726);
INSERT INTO PictureComment VALUES(1339840562,'Some text','2011-11-22T00:00:00.000',3457038839,4274638883);
INSERT INTO PictureComment VALUES(1362933903,'Some text','2007-01-24T00:00:00.000',1688321011,1000151953);
INSERT INTO PictureComment VALUES(1387756768,'Some text','2017-03-12T00:00:00.000',549189664,3337544629);
INSERT INTO PictureComment VALUES(1406603104,'Some text','2003-09-09T00:00:00.000',1129333254,1538162538);
INSERT INTO PictureComment VALUES(1441353316,'Some text','2007-03-07T00:00:00.000',2393969260,316055878);
INSERT INTO PictureComment VALUES(1442567452,'Some text','2017-11-01T00:00:00.000',2835141675,3337544629);
INSERT INTO PictureComment VALUES(1452550409,'Some text','2010-06-18T23:00:00.000',316003206,474926373);
INSERT INTO PictureComment VALUES(1477921361,'Some text','2017-01-02T00:00:00.000',84285245,1074968783);
INSERT INTO PictureComment VALUES(1478248176,'Some text','2015-12-24T00:00:00.000',1906624511,1329615293);
INSERT INTO PictureComment VALUES(1534895155,'Some text','2011-03-23T00:00:00.000',316003206,1260916061);
INSERT INTO PictureComment VALUES(1540562742,'Some text','2004-02-14T00:00:00.000',84285245,2175845049);
INSERT INTO PictureComment VALUES(1540633564,'Some text','2001-09-18T00:00:00.000',783433412,3077456892);
INSERT INTO PictureComment VALUES(1555727999,'Some text','2011-04-22T23:00:00.000',996395111,2186678417);
INSERT INTO PictureComment VALUES(1627435201,'Some text','2013-12-04T00:00:00.000',2393969260,3459109857);
INSERT INTO PictureComment VALUES(1646925714,'Some text','2003-03-14T00:00:00.000',107623878,1888552528);
INSERT INTO PictureComment VALUES(1689602023,'Some text','2013-06-03T23:00:00.000',2770905650,12362472);
INSERT INTO PictureComment VALUES(1747188027,'Some text','2015-08-19T23:00:00.000',3964122841,3232015271);
INSERT INTO PictureComment VALUES(1837181957,'Some text','2017-09-02T23:00:00.000',3383606565,1770970093);
INSERT INTO PictureComment VALUES(1855098168,'Some text','2003-11-09T00:00:00.000',1067917758,3399653237);
INSERT INTO PictureComment VALUES(1875483016,'Some text','2004-03-14T00:00:00.000',2642754267,1281906248);
INSERT INTO PictureComment VALUES(1883780011,'Some text','2000-04-23T00:00:00.000',996395111,1000151953);
INSERT INTO PictureComment VALUES(2026469355,'Some text','2004-02-13T00:00:00.000',84285245,336598772);
INSERT INTO PictureComment VALUES(2029457009,'Some text','2002-12-13T00:00:00.000',926516929,353449301);
INSERT INTO PictureComment VALUES(2083851560,'Some text','2004-02-06T00:00:00.000',3561270074,2533955367);
INSERT INTO PictureComment VALUES(2148245548,'Some text','2000-02-15T00:00:00.000',1898614353,845300748);
INSERT INTO PictureComment VALUES(2194376419,'Some text','2008-03-16T00:00:00.000',780763916,158741204);
INSERT INTO PictureComment VALUES(2233648965,'Some text','2013-09-23T23:00:00.000',4143398436,1329615293);
INSERT INTO PictureComment VALUES(2257039609,'Some text','2010-10-19T00:00:00.000',351043187,1959456388);
INSERT INTO PictureComment VALUES(2277652526,'Some text','2011-12-24T00:00:00.000',549189664,709762055);
INSERT INTO PictureComment VALUES(2277982604,'Some text','2001-10-23T00:00:00.000',888351607,12362472);
INSERT INTO PictureComment VALUES(2342919247,'Some text','2016-08-23T23:00:00.000',1904325008,2428162097);
INSERT INTO PictureComment VALUES(2349123396,'Some text','2016-09-15T23:00:00.000',167902091,1602484037);
INSERT INTO PictureComment VALUES(2354182511,'Some text','2005-01-05T00:00:00.000',1067917758,1634101477);
INSERT INTO PictureComment VALUES(2413433562,'Some text','2003-08-20T00:00:00.000',107623878,707958263);
INSERT INTO PictureComment VALUES(2640958272,'Some text','2011-01-05T00:00:00.000',1081345422,709762055);
INSERT INTO PictureComment VALUES(2727482849,'Some text','2000-07-20T00:00:00.000',2850529309,1444532076);
INSERT INTO PictureComment VALUES(2755254325,'Some text','2009-06-15T23:00:00.000',780763916,3420024061);
INSERT INTO PictureComment VALUES(2883068084,'Some text','2002-10-17T00:00:00.000',1684745230,46352128);
INSERT INTO PictureComment VALUES(2923769663,'Some text','2005-09-04T00:00:00.000',3585644622,158741204);
INSERT INTO PictureComment VALUES(2970564006,'Some text','2016-03-16T00:00:00.000',1065175723,1260916061);
INSERT INTO PictureComment VALUES(2997304902,'Some text','2012-02-01T00:00:00.000',1715155146,1111711143);
INSERT INTO PictureComment VALUES(3130309962,'Some text','2007-07-17T00:00:00.000',2824378325,3420024061);
INSERT INTO PictureComment VALUES(3158157909,'Some text','2016-07-21T23:00:00.000',1387351565,1248244322);
INSERT INTO PictureComment VALUES(3198825611,'Some text','2015-09-24T23:00:00.000',167902091,3721696454);
INSERT INTO PictureComment VALUES(3254906679,'Some text','2016-07-12T23:00:00.000',3576171707,2053522486);
INSERT INTO PictureComment VALUES(3255676247,'Some text','2016-11-08T00:00:00.000',3576171707,2157057106);
INSERT INTO PictureComment VALUES(3255856654,'Some text','2015-12-16T00:00:00.000',1715155146,2428162097);
INSERT INTO PictureComment VALUES(3269873942,'Some text','2015-01-10T00:00:00.000',2642754267,141581871);
INSERT INTO PictureComment VALUES(3280383343,'Some text','2008-05-02T00:00:00.000',4173176403,4122378036);
INSERT INTO PictureComment VALUES(3296356253,'Some text','2014-12-02T00:00:00.000',2242696951,906698476);
INSERT INTO PictureComment VALUES(3307409130,'Some text','2000-11-18T00:00:00.000',1906624511,1540309997);
INSERT INTO PictureComment VALUES(3326872165,'Some text','2003-03-07T00:00:00.000',1129333254,2533955367);
INSERT INTO PictureComment VALUES(3401044923,'Some text','2008-08-01T23:00:00.000',1898614353,325598731);
INSERT INTO PictureComment VALUES(3500789311,'Some text','2000-03-03T00:00:00.000',1898614353,3232015271);
INSERT INTO PictureComment VALUES(3553580902,'Some text','2012-12-08T00:00:00.000',780763916,1239975603);
INSERT INTO PictureComment VALUES(3585248388,'Some text','2002-06-16T00:00:00.000',84285245,4212677266);
INSERT INTO PictureComment VALUES(3604167401,'Some text','2008-12-07T00:00:00.000',1666179158,3869239840);
INSERT INTO PictureComment VALUES(3687629292,'Some text','2010-05-23T23:00:00.000',780763916,1000818193);
INSERT INTO PictureComment VALUES(3690838396,'Some text','2014-09-01T23:00:00.000',1387351565,3844634849);
INSERT INTO PictureComment VALUES(3758732437,'Some text','2000-04-25T00:00:00.000',549189664,1540309997);
INSERT INTO PictureComment VALUES(3845839071,'Some text','2004-05-17T00:00:00.000',1904325008,1540309997);
INSERT INTO PictureComment VALUES(3897104651,'Some text','2005-12-07T00:00:00.000',351043187,353449301);
INSERT INTO PictureComment VALUES(3903339889,'Some text','2016-10-02T23:00:00.000',1198964487,4189597859);
INSERT INTO PictureComment VALUES(3954071553,'Some text','2006-06-13T00:00:00.000',3457038839,1602484037);
INSERT INTO PictureComment VALUES(3993378943,'Some text','2009-06-12T23:00:00.000',1688321011,673366768);
INSERT INTO PictureComment VALUES(3994541893,'Some text','2004-03-01T00:00:00.000',3585644622,2199235128);
INSERT INTO PictureComment VALUES(3995727891,'Some text','2009-08-04T23:00:00.000',780763916,75769957);
INSERT INTO PictureComment VALUES(4005398172,'Some text','2013-05-18T23:00:00.000',888351607,3274086140);
INSERT INTO PictureComment VALUES(4034402799,'Some text','2006-12-21T00:00:00.000',996395111,325598731);
INSERT INTO PictureComment VALUES(4059069940,'Some text','2011-01-25T00:00:00.000',3576171707,4189597859);
INSERT INTO PictureComment VALUES(4112740246,'Some text','2008-01-03T00:00:00.000',1666179158,2587018110);
INSERT INTO PictureComment VALUES(4125681593,'Some text','2007-04-22T00:00:00.000',1898614353,1634101477);
INSERT INTO PictureComment VALUES(4141470003,'Some text','2016-11-21T00:00:00.000',1198964487,325598731);
INSERT INTO PictureComment VALUES(4162966977,'Some text','2005-12-10T00:00:00.000',2642754267,2186678417);
INSERT INTO PictureComment VALUES(4288704831,'Some text','2006-03-22T00:00:00.000',3964122841,1491685413);

# Insert Random Tags for Picures.

INSERT INTO PictureTag VALUES('amz',75769957);
INSERT INTO PictureTag VALUES('cmz',3721696454);
INSERT INTO PictureTag VALUES('bnz',585722003);
INSERT INTO PictureTag VALUES('cmy',498948341);
INSERT INTO PictureTag VALUES('bny',707958263);
INSERT INTO PictureTag VALUES('bmz',1260916061);
INSERT INTO PictureTag VALUES('bny',1329615293);
INSERT INTO PictureTag VALUES('amy',709762055);
INSERT INTO PictureTag VALUES('anx',12362472);
INSERT INTO PictureTag VALUES('cny',970736351);
INSERT INTO PictureTag VALUES('cnx',3844634849);
INSERT INTO PictureTag VALUES('cmy',2103875157);
INSERT INTO PictureTag VALUES('cmx',474926373);
INSERT INTO PictureTag VALUES('cmz',3419285330);
INSERT INTO PictureTag VALUES('aqz',1768487245);
INSERT INTO PictureTag VALUES('cnz',727735672);
INSERT INTO PictureTag VALUES('aqy',2622854164);
INSERT INTO PictureTag VALUES('aqx',673366768);
INSERT INTO PictureTag VALUES('cmz',3337544629);
INSERT INTO PictureTag VALUES('bmz',3546830921);
INSERT INTO PictureTag VALUES('cnz',1540309997);
INSERT INTO PictureTag VALUES('bmz',3420024061);
INSERT INTO PictureTag VALUES('aqx',147796452);
INSERT INTO PictureTag VALUES('bmz',2157057106);
INSERT INTO PictureTag VALUES('cqx',4274638883);
INSERT INTO PictureTag VALUES('any',2053522486);
INSERT INTO PictureTag VALUES('bmz',2358067721);
INSERT INTO PictureTag VALUES('any',1111711143);
INSERT INTO PictureTag VALUES('cnx',63974866);
INSERT INTO PictureTag VALUES('bmx',2563350118);
INSERT INTO PictureTag VALUES('cmz',1838624166);
INSERT INTO PictureTag VALUES('any',1634101477);
INSERT INTO PictureTag VALUES('aqz',2750329106);
INSERT INTO PictureTag VALUES('anz',2428457939);
INSERT INTO PictureTag VALUES('bmz',3195787738);
INSERT INTO PictureTag VALUES('bqy',2186678417);
INSERT INTO PictureTag VALUES('bnz',1239975603);
INSERT INTO PictureTag VALUES('aqx',1444532076);
INSERT INTO PictureTag VALUES('amz',1030771910);
INSERT INTO PictureTag VALUES('cqx',3274086140);
INSERT INTO PictureTag VALUES('anx',2175845049);
INSERT INTO PictureTag VALUES('cny',1959456388);
INSERT INTO PictureTag VALUES('bmy',761975491);
INSERT INTO PictureTag VALUES('cnz',906698476);
INSERT INTO PictureTag VALUES('bnx',1602484037);
INSERT INTO PictureTag VALUES('bmx',2428162097);
INSERT INTO PictureTag VALUES('any',3236881399);
INSERT INTO PictureTag VALUES('bqx',449108066);
INSERT INTO PictureTag VALUES('amx',1876532519);
INSERT INTO PictureTag VALUES('amz',1248244322);
INSERT INTO PictureTag VALUES('amz',3232015271);
INSERT INTO PictureTag VALUES('bnz',1074968783);
INSERT INTO PictureTag VALUES('amx',3195023347);
INSERT INTO PictureTag VALUES('aqx',2494146549);
INSERT INTO PictureTag VALUES('aqx',2942831436);
INSERT INTO PictureTag VALUES('bqy',3459109857);
INSERT INTO PictureTag VALUES('cqx',1815978859);
INSERT INTO PictureTag VALUES('aqz',67101270);
INSERT INTO PictureTag VALUES('amy',141581871);
INSERT INTO PictureTag VALUES('bqx',845300748);
INSERT INTO PictureTag VALUES('bqy',1000818193);
INSERT INTO PictureTag VALUES('aqy',1000151953);
INSERT INTO PictureTag VALUES('amy',1193704937);
INSERT INTO PictureTag VALUES('amx',4072982378);
INSERT INTO PictureTag VALUES('cmx',229230609);
INSERT INTO PictureTag VALUES('bny',4122378036);
INSERT INTO PictureTag VALUES('cqy',316055878);
INSERT INTO PictureTag VALUES('bmy',1782137726);
INSERT INTO PictureTag VALUES('aqy',1538162538);
INSERT INTO PictureTag VALUES('anx',3427910767);
INSERT INTO PictureTag VALUES('aqx',3416131260);
INSERT INTO PictureTag VALUES('any',2199235128);
INSERT INTO PictureTag VALUES('cmz',3077456892);
INSERT INTO PictureTag VALUES('bmy',2587018110);
INSERT INTO PictureTag VALUES('amy',336598772);
INSERT INTO PictureTag VALUES('bqz',20710880);
INSERT INTO PictureTag VALUES('bqx',1281906248);
INSERT INTO PictureTag VALUES('cmy',2926137955);
INSERT INTO PictureTag VALUES('cmz',3189696591);
INSERT INTO PictureTag VALUES('bmx',4104078543);
INSERT INTO PictureTag VALUES('bqx',158741204);
INSERT INTO PictureTag VALUES('aqz',3869239840);
INSERT INTO PictureTag VALUES('cqz',325598731);
INSERT INTO PictureTag VALUES('amy',2804117141);
INSERT INTO PictureTag VALUES('cqy',4212677266);
INSERT INTO PictureTag VALUES('cqy',962287561);
INSERT INTO PictureTag VALUES('bqz',3480685651);
INSERT INTO PictureTag VALUES('bmz',2533955367);
INSERT INTO PictureTag VALUES('bnx',1737038283);
INSERT INTO PictureTag VALUES('cmz',353449301);
INSERT INTO PictureTag VALUES('bmy',4189597859);
INSERT INTO PictureTag VALUES('bmy',1888552528);
INSERT INTO PictureTag VALUES('cnz',758287113);
INSERT INTO PictureTag VALUES('cmy',3792466080);
INSERT INTO PictureTag VALUES('cny',1491685413);
INSERT INTO PictureTag VALUES('aqz',3399653237);
INSERT INTO PictureTag VALUES('bny',3653717865);
INSERT INTO PictureTag VALUES('cqy',1770970093);
INSERT INTO PictureTag VALUES('aqy',46352128);
INSERT INTO PictureTag VALUES('cmx',2607042844);